trial,rho,S_row_major,J0_row_major,pi0,mass_kg,com_m,central_inertia_row_major,euclidean_min_lambda,euclidean_t_min,euclidean_loss_pd,euclidean_near_1e_8,euclidean_position_rmse_m,euclidean_attitude_rmse_rad,euclidean_attitude_rmse_deg,euclidean_peak_position_m,euclidean_peak_attitude_rad,euclidean_peak_attitude_deg,euclidean_max_wrench_norm,euclidean_max_force_N,euclidean_max_moment_Nm,euclidean_completed,euclidean_failure,bregman_min_lambda,bregman_t_min,bregman_loss_pd,bregman_near_1e_8,bregman_position_rmse_m,bregman_attitude_rmse_rad,bregman_attitude_rmse_deg,bregman_peak_position_m,bregman_peak_attitude_rad,bregman_peak_attitude_deg,bregman_max_wrench_norm,bregman_max_force_N,bregman_max_moment_Nm,bregman_completed,bregman_failure
1,0.9028677820857975,"[-0.6209432652641819, -0.1087912835320954, -0.08824622748107494, 0.44913733403664086, -0.1087912835320954, -0.13248977749983037, 0.03821028991365437, -0.018214153654092607, -0.08824622748107494, 0.03821028991365437, -0.24223022208437361, 0.20177292113101425, 0.44913733403664086, -0.018214153654092607, 0.20177292113101425, 0.10245820252104465]","[0.053289833213681394, 0.0032652487009133977, -0.01726615498630503, 0.3239562349647238, 0.0032652487009133977, 0.033079518114242284, -0.0024629748996233373, 0.0357387427493963, -0.01726615498630503, -0.0024629748996233373, 0.014098477044904729, -0.103153252224609, 0.3239562349647238, 0.0357387427493963, -0.103153252224609, 5.270947028676127]","[5.270947028676127, 0.3239562349647238, 0.0357387427493963, -0.103153252224609, 0.04717799515914701, 0.06738831025858612, 0.08636935132792367, -0.0032652487009133977, 0.01726615498630503, 0.0024629748996233373]",5.270947028676127,"[0.061460726735113866, 0.006780326676584452, -0.01957015535603237]","[0.0449169496367801, -0.0010687195989362197, 0.010926281139490058, -0.0010687195989362197, 0.0454589994557673, 0.0017635621517883763, 0.010926281139490058, 0.0017635621517883763, 0.06621644534576912]",-0.005305931737179502,13.742,True,True,0.030453576711264786,0.021637616170725116,1.2397440853065709,0.09510174182003649,0.20981034727641357,12.021247397112624,152.94813334915733,152.822056188389,7.031507578023779,True,null,0.007413658720424394,0.0,False,False,0.020145074090736535,0.056577230834659493,3.241636543363413,0.08160653848162759,0.34857017158212295,19.97159969580659,154.47861514685297,154.3664500318542,7.140132922073435,True,null
2,0.6437503213996503,"[0.18832831108509415, 0.17295959807463684, 0.54198810668234, -0.24177274256284872, 0.17295959807463684, 0.33428141673284106, -0.054617080773450205, -0.000938551681465885, 0.54198810668234, -0.054617080773450205, -0.021851736416607207, -0.16579732751930695, -0.24177274256284872, -0.000938551681465885, -0.16579732751930695, 0.1646972497743914]","[0.06630059966782618, 0.013123397533631714, -0.008493713035145931, 0.07718464289809623, 0.013123397533631714, 0.0476038078334453, -0.0058839823368367055, 0.03768866727287673, -0.008493713035145931, -0.0058839823368367055, 0.015672411675285245, -0.12493504327215996, 0.07718464289809623, 0.03768866727287673, -0.12493504327215996, 4.955419747409679]","[4.955419747409679, 0.07718464289809623, 0.03768866727287673, -0.12493504327215996, 0.06327621950873054, 0.08197301134311143, 0.11390440750127148, -0.013123397533631714, 0.008493713035145931, 0.0058839823368367055]",4.955419747409679,"[0.015575803228060058, 0.007605544876915327, -0.02521179832192149]","[0.05983973954411731, -0.012536366268261559, 0.006547749384849599, -0.012536366268261559, 0.07762096141878437, 0.004933783258530934, 0.006547749384849599, 0.004933783258530934, 0.11241555184096766]",-0.001787202928356183,13.712,True,True,0.02529122157884628,0.013331509944964435,0.7638392543831465,0.0867138035256573,0.09098968441216296,5.213324896044233,152.79360324829676,152.6627843953918,7.204098202137901,True,null,0.011349680741685493,14.762,False,False,0.019809711402857918,0.0273972103747313,1.5697445249041362,0.08329918512836933,0.15340868933964544,8.789670439795268,149.06252723616694,148.96046223567916,6.84796204372043,True,null
3,0.728026202283905,"[-0.4753747267681516, -0.02708574729090252, 0.3861763090943835, -0.05629567082784974, -0.02708574729090252, 0.21215601188703245, -0.14341867233150943, 0.283145379861239, 0.3861763090943835, -0.14341867233150943, -0.2669085627424249, 0.2485298555844601, -0.05629567082784974, 0.283145379861239, 0.2485298555844601, 0.163352163497016]","[0.04448195627467628, 0.00821880118740725, -0.007322392242152696, 0.14755943625088985, 0.00821880118740725, 0.04649840619837185, -0.007469467156229424, 0.1323066298708322, -0.007322392242152696, -0.007469467156229424, 0.01187903147276711, -0.0738820688447896, 0.14755943625088985, 0.1323066298708322, -0.0738820688447896, 5.104968906536971]","[5.104968906536971, 0.14755943625088985, 0.1323066298708322, -0.0738820688447896, 0.058377437671138975, 0.0563609877474434, 0.09098036247304814, -0.00821880118740725, 0.007322392242152696, 0.007469467156229424]",5.104968906536971,"[0.02890506072660664, 0.02591722541177715, -0.01447257959792522]","[0.05387915279908844, -0.004394470016458178, 0.00518682655558672, -0.004394470016458178, 0.05102650915961198, 0.005554648924090575, 0.00518682655558672, 0.005554648924090575, 0.0832861272575974]",-0.015311669337374195,13.732000000000001,True,True,0.027405619727690456,0.017466047831643024,1.0007308255267684,0.0907139937967348,0.06825126851247167,3.910509632178755,152.2840726473582,152.15105773481042,7.191699822396438,True,null,0.009234777167428834,11.552,False,False,0.02002612711876683,0.029376859099997325,1.6831700417803328,0.08116979841792396,0.1651016173880241,9.459625867117508,153.5959741945563,153.486386901496,7.084884022423706,True,null
4,0.5153569178533258,"[0.8002171051619577, 0.10993793021664158, 0.09613934678609237, -0.10600219158788032, 0.10993793021664158, 0.10803345618783744, -0.032361465455221186, -0.09597972602958864, 0.09613934678609237, -0.032361465455221186, -0.5107442701883578, -0.006929937755191963, -0.10600219158788032, -0.09597972602958864, -0.006929937755191963, 0.03709016838516417]","[0.09252506653585527, 0.011666911435928094, -0.019938273541791847, 0.12295270859238322, 0.011666911435928094, 0.040163914082982734, -0.004865153972110974, 0.016206000341096333, -0.019938273541791847, -0.004865153972110974, 0.014332748480180322, -0.09371518228965439, 0.12295270859238322, 0.016206000341096333, -0.09371518228965439, 4.474388037879086]","[4.474388037879086, 0.12295270859238322, 0.016206000341096333, -0.09371518228965439, 0.054496662563163045, 0.10685781501603558, 0.132688980618838, -0.011666911435928094, 0.019938273541791847, 0.004865153972110974]",4.474388037879086,"[0.027479223427091113, 0.0036219478963157104, -0.020944804405939838]","[0.05247511911139611, -0.011221583131695594, 0.017363053109143864, -0.011221583131695594, 0.10151632390273566, 0.004525722464764117, 0.017363053109143864, 0.004525722464764117, 0.12925163837961876]",-0.0005161605640348752,14.612,True,True,0.02016981433319658,0.011760094730349151,0.6738037947230463,0.07821017945674713,0.05128334221507918,2.9383190682491236,152.66414818360101,152.5365775505884,7.0849631857181565,True,null,0.008455263515386736,14.732000000000001,False,False,0.01934361651029047,0.02120440855575172,1.214923117315667,0.08595858751350806,0.09979679036083794,5.71793489662787,150.8587731659476,150.73087385999122,6.680422920774219,True,null
5,0.7034688153610265,"[0.2461522953101162, -0.06319563183246245, 0.12067529795347354, -0.07986015064164226, -0.06319563183246245, -0.19256030517373637, 0.17337972554969674, -0.16198940039572143, 0.12067529795347354, 0.17337972554969674, -0.18998276679230686, 0.3315602561958939, -0.07986015064164226, -0.16198940039572143, 0.3315602561958939, -0.6956305121443991]","[0.07079553177445576, 0.003224469324269596, -0.013707792389659551, 0.06589887387259066, 0.003224469324269596, 0.03228188555541388, -0.00027725362850945703, -0.010539996110032486, -0.013707792389659551, -0.00027725362850945703, 0.012608114325682407, -0.018532677082811456, 0.06589887387259066, -0.010539996110032486, -0.018532677082811456, 2.755340816500704]","[2.755340816500704, 0.06589887387259066, -0.010539996110032486, -0.018532677082811456, 0.04488999988109628, 0.08340364610013816, 0.10307741732986964, -0.003224469324269596, 0.013707792389659551, 0.00027725362850945703]",2.755340816500704,"[0.023916777727803037, -0.0038252966917603796, -0.006726092457174879]","[0.04472502876930745, -0.003476552068485152, 0.0132645504711688, -0.003476552068485152, 0.08170290488167692, 0.0003481466168437991, 0.0132645504711688, 0.0003481466168437991, 0.10146100999869548]",-0.0034908781157320418,11.252,True,True,0.04214254956087646,0.017959476294225094,1.0290021939243499,0.1510382218238031,0.1042029410515436,5.970388735103956,153.5332364717279,153.39852780857063,7.056369469795388,True,null,0.00951484403556324,14.792,False,False,0.020733417797927763,0.03511583851577773,2.0119893410170047,0.08386327776096772,0.19174537556035007,10.986200760758981,152.97130845067483,152.85544862953316,7.052138332303626,True,null
6,0.977826998759773,"[0.2109816502539341, 0.052889295129116824, -0.3691550650368296, 0.18412278685012473, 0.052889295129116824, 0.18382041556087877, 0.082106290285229, -0.03047870176629619, -0.3691550650368296, 0.082106290285229, 0.3029875851361444, -0.32450444525303646, 0.18412278685012473, -0.03047870176629619, -0.32450444525303646, 0.5079373805745366]","[0.11410771536997466, 0.014506866933381888, -0.051334841852952645, 0.49098735813747685, 0.014506866933381888, 0.045571983165375425, -0.006522702225915866, 0.06447928431762623, -0.051334841852952645, -0.006522702225915866, 0.03771602753407102, -0.33817142225553537, 0.49098735813747685, 0.06447928431762623, -0.33817142225553537, 7.916927217467756]","[7.916927217467756, 0.49098735813747685, 0.06447928431762623, -0.33817142225553537, 0.08328801069944644, 0.15182374290404568, 0.15967969853535008, -0.014506866933381888, 0.051334841852952645, 0.006522702225915866]",7.916927217467756,"[0.062017414667419425, 0.008144483654638175, -0.04271498435774431]","[0.06831787321037742, -0.010508028420397227, 0.030362324530260117, -0.010508028420397227, 0.10692898930609168, 0.0037684706048899137, 0.030362324530260117, 0.0037684706048899137, 0.12870478147208975]",0.002425341568204833,14.612,False,False,0.08891121759946283,0.06191350116910988,3.5473823118682843,0.3001650007579828,0.3697169487955444,21.183220780439058,156.38362879299626,156.25967635178654,6.9920925481944645,True,null,0.01063298155759232,0.0,False,False,0.019794016959060478,0.05028831813123152,2.881308387730781,0.08899763503319368,0.36025899924285404,20.641320188222256,150.32239198095607,150.19385924072483,6.625794462050252,True,null
7,0.9356248433145491,"[-0.5150154038040142, 0.045151717542754974, -0.3696206430723634, -0.23061226590160774, 0.045151717542754974, -0.10749109632675309, 0.02856719767098403, -0.2981736890156926, -0.3696206430723634, 0.02856719767098403, 0.3941313029021586, -0.01989854539055519, -0.23061226590160774, -0.2981736890156926, -0.01989854539055519, -0.0628165071399534]","[0.04893783282243612, 0.005681708812554684, -0.024944012360977992, 0.052137746116609346, 0.005681708812554684, 0.03417295900572199, -0.0028310167873073842, -0.07514353152337494, -0.024944012360977992, -0.0028310167873073842, 0.02580786847256033, -0.07882322452786866, 0.052137746116609346, -0.07514353152337494, -0.07882322452786866, 4.329668688589683]","[4.329668688589683, 0.052137746116609346, -0.07514353152337494, -0.07882322452786866, 0.05998082747828233, 0.07474570129499647, 0.08311079182815811, -0.005681708812554684, 0.024944012360977992, 0.0028310167873073842]",4.329668688589683,"[0.0120419713069529, -0.017355492285450528, -0.01820537094110635]","[0.05724166845532293, -0.006586585063062276, 0.02399482535289189, -0.006586585063062276, 0.07268285401094711, 0.004199032652515144, 0.02399482535289189, 0.004199032652515144, 0.08117879760375726]",-0.008998078024505118,14.632,True,True,0.020040483379813505,0.01953442437312632,1.119240071797627,0.07896915187646045,0.12034496777509814,6.8952587391510205,153.10939892377397,152.97922942963254,6.940368592091729,True,null,0.009525969784512629,0.002,False,False,0.019935366947571562,0.037560648045587286,2.1520666087884557,0.08658272833730273,0.2209605961028335,12.660109595387185,149.0866957891318,148.98320547746377,6.7921725549612395,True,null
8,0.6230839726043815,"[0.3264207368277868, -0.20801066818011013, 0.20214297460674763, 0.13615596183264772, -0.20801066818011013, -0.3405130517358085, -0.033546700652457795, 0.19894521007970942, 0.20214297460674763, -0.033546700652457795, -0.3006891002202264, 0.43562484041491467, 0.13615596183264772, 0.19894521007970942, 0.43562484041491467, -0.14422877008795634]","[0.0775863533321853, 0.0027898386114561073, -0.014376997839965383, 0.17804711467655263, 0.0027898386114561073, 0.031092536567819757, -0.0033773762162296215, 0.07215035421436808, -0.014376997839965383, -0.0033773762162296215, 0.012275865767827743, -0.04467140827441156, 0.17804711467655263, 0.07215035421436808, -0.04467140827441156, 4.199114227598099]","[4.199114227598099, 0.17804711467655263, 0.07215035421436808, -0.04467140827441156, 0.043368402335647496, 0.08986221910001305, 0.10867888990000506, -0.0027898386114561073, 0.014376997839965383, 0.0033773762162296215]",4.199114227598099,"[0.042401112478999144, 0.01718227947698346, -0.010638293185933092]","[0.041653467246921164, 0.0002694166729869437, 0.012482880433126765, 0.0002694166729869437, 0.08183759582579958, 0.0026098195946282505, 0.012482880433126765, 0.0026098195946282505, 0.09988978661356866]",-0.0019111457418337417,13.772,True,True,0.019868806832998975,0.01245332003213011,0.713522678766778,0.07869879623164845,0.06556859276162573,3.756803633853193,152.7360462380321,152.60627525798162,7.056544053229082,True,null,0.008902230593975657,11.852,False,False,0.01989813387600963,0.03143031236954688,1.8008242475528622,0.08326515395296105,0.1821114240571207,10.434215999590222,153.20990666518966,153.09253659210503,7.12865619728076,True,null
9,0.7543911360728344,"[0.13162259079151603, 0.3452080988742364, -0.38437935278319435, 0.3549404001253359, 0.3452080988742364, -0.17110039673203867, 0.17647717349150888, -0.11813453878756297, -0.38437935278319435, 0.17647717349150888, 0.2143925460882468, -0.12383471536748784, 0.3549404001253359, -0.11813453878756297, -0.12383471536748784, 0.027719568642349292]","[0.09742971332098813, 0.02026201311743133, -0.037590048889511146, 0.33428018051252684, 0.02026201311743133, 0.035584424187856664, -0.0052574362857555675, 0.030951663652369336, -0.037590048889511146, -0.0052574362857555675, 0.026690993431474318, -0.17278287641087103, 0.33428018051252684, 0.030951663652369336, -0.17278287641087103, 4.8054674589897655]","[4.8054674589897655, 0.33428018051252684, 0.030951663652369336, -0.17278287641087103, 0.062275417619330975, 0.12412070675246244, 0.13301413750884478, -0.02026201311743133, 0.037590048889511146, 0.0052574362857555675]",4.8054674589897655,"[0.0695624688680758, 0.006440926697873464, -0.035955477356867695]","[0.05586356942212328, -0.018108938978198236, 0.02557084542824334, -0.018108938978198236, 0.09465486130189948, 0.004144554444145417, 0.02557084542824334, 0.004144554444145417, 0.10956142546196522]",-0.003380742222758889,14.622,True,True,0.023244398126526695,0.02906157567273636,1.6651056320478594,0.08496223133855658,0.1955915864902874,11.206572414161478,151.80028645958163,151.68108672237685,7.038286579900805,True,null,0.009855292318469778,14.742,False,False,0.019768958872638142,0.04108527381463067,2.3540127897176935,0.08951143635079066,0.2979492351019918,17.07123368049525,149.73912432304718,149.6104496614505,6.628098965049707,True,null
10,0.7680137518916619,"[-0.17668559392855315, 0.04893254862872162, -0.2264410109541312, -0.244889520076489, 0.04893254862872162, -0.4644016094522573, -0.17091791939019618, 0.4417676012406114, -0.2264410109541312, -0.17091791939019618, -0.20007433888701887, 0.11541297901123483, -0.244889520076489, 0.4417676012406114, 0.11541297901123483, 0.10207149727779498]","[0.0575660210236452, 0.01104689745350933, -0.019004554464445433, 0.07544555076660972, 0.01104689745350933, 0.030749548384184904, -0.008452831656920987, 0.15569189051634383, -0.019004554464445433, -0.008452831656920987, 0.016187373672133742, -0.08224943084689229, 0.07544555076660972, 0.15569189051634383, -0.08224943084689229, 5.041719693297519]","[5.041719693297519, 0.07544555076660972, 0.15569189051634383, -0.08224943084689229, 0.04693692205631864, 0.07375339469577893, 0.0883155694078301, -0.01104689745350933, 0.019004554464445433, 0.008452831656920987]",5.041719693297519,"[0.014964249374455967, 0.030880711342068705, -0.016313765113962007]","[0.040787247831389206, -0.008717085178242266, 0.017773753470345467, -0.008717085178242266, 0.07128261076432095, 0.005912910724888665, 0.017773753470345467, 0.005912910724888665, 0.0823787070426292]",-0.009682095362265422,13.772,True,True,0.026287011878959845,0.01927589006438555,1.1044271470474487,0.0914947189592899,0.10172094214510204,5.828180673008769,151.77432819173612,151.6485490012871,7.041642164604051,True,null,0.007888958770320217,0.0,False,False,0.019988853235301186,0.03048368070875715,1.7465862486361508,0.0858528736706619,0.1701349199832559,9.748012862836534,150.2126546245934,150.098096604287,6.963841806079661,True,null
11,0.8166577484507286,"[-0.3255179827211014, -0.40399381536020174, 0.014132441426846491, -0.04398161924785328, -0.40399381536020174, -0.1409108817501095, -0.006182927549525897, -0.43286606930240484, 0.014132441426846491, -0.006182927549525897, -0.3813680286825631, -0.10251387856211147, -0.04398161924785328, -0.43286606930240484, -0.10251387856211147, -0.04700695881037263]","[0.05188290926238791, -0.010469443123066309, -0.01418255948799198, 0.15476298094437013, -0.010469443123066309, 0.03400346171801726, 0.0011216338898087943, -0.09878769516431825, -0.01418255948799198, 0.0011216338898087943, 0.013440600452317654, -0.11001204257924349, 0.15476298094437013, -0.09878769516431825, -0.11001204257924349, 4.497569409421983]","[4.497569409421983, 0.15476298094437013, -0.09878769516431825, -0.11001204257924349, 0.04744406217033491, 0.06532350971470555, 0.08588637098040516, 0.010469443123066309, 0.01418255948799198, -0.0011216338898087943]",4.497569409421983,"[0.03441035965340664, -0.02196468496014033, -0.024460332362804375]","[0.042583290442712994, 0.007070123003131017, 0.010397005536634325, 0.007070123003131017, 0.05730712875397717, 0.0012947459672658325, 0.010397005536634325, 0.0012947459672658325, 0.07839108054285343]",-0.0038788913616787223,15.462,True,True,0.020806286851736903,0.01887522234405804,1.0814705776855542,0.08183125842512075,0.0531842468022469,3.0472328783508917,154.06081173740975,153.92527825438373,6.963857104889504,True,null,0.007537998792183777,0.0,False,False,0.019639992234592094,0.025457834469796086,1.4586264706619836,0.07958497364095721,0.11255801745766361,6.449099350683965,152.62005281721554,152.5122908201697,7.046764751922826,True,null
12,0.9349265492336325,"[0.08889974084960027, 0.2684105854376524, 0.30551486332278704, -0.18341383194517563, 0.2684105854376524, 0.3338871999460824, -0.19830528831990785, -0.022536504639160283, 0.30551486332278704, -0.19830528831990785, 0.421489970169082, -0.3106328923906469, -0.18341383194517563, -0.022536504639160283, -0.3106328923906469, 0.17961796308300002]","[0.06737182733123212, 0.022813854020789892, -0.014160395449338484, 0.0919906534946388, 0.022813854020789892, 0.055933207325868796, -0.013289449966001905, 0.04653857491442545, -0.014160395449338484, -0.013289449966001905, 0.02670655919364192, -0.20364364305318028, 0.0919906534946388, 0.04653857491442545, -0.20364364305318028, 5.550178311862523]","[5.550178311862523, 0.0919906534946388, 0.04653857491442545, -0.20364364305318028, 0.08263976651951072, 0.09407838652487405, 0.12330503465710091, -0.022813854020789892, 0.014160395449338484, 0.013289449966001905]",5.550178311862523,"[0.016574360016150303, 0.008385059416011462, -0.036691369467883234]","[0.07477757365666679, -0.022042506925519623, 0.010785132394374668, -0.022042506925519623, 0.085081736168683, 0.01158188591930796, 0.010785132394374668, 0.01158188591930796, 0.12139011973216587]",-0.001960308721145692,15.612,True,True,0.03592033881159603,0.02135999437706409,1.2238375282289422,0.1066032514006699,0.1277065575716528,7.317046765000173,152.63819013955748,152.51152059459335,7.1998115764042785,True,null,0.015367650951057063,0.0,False,False,0.020123582439330535,0.03867948805909153,2.2161714195126088,0.08459999867034083,0.1966903159167769,11.269524973126156,146.97132787586682,146.87963783406082,6.72382771737165,True,null
13,0.9247792073154157,"[-0.044169646798107476, -0.1680014055121534, 0.2481701580528218, 0.3615907977354951, -0.1680014055121534, -0.367318414242015, -0.3251059471714674, 0.1767994439277474, 0.2481701580528218, -0.3251059471714674, 0.15402861687967268, -0.036084575480311055, 0.3615907977354951, 0.1767994439277474, -0.036084575480311055, 0.3489581165849946]","[0.07692839710462682, 0.006296625818457564, -0.018620379020226077, 0.4111030969528954, 0.006296625818457564, 0.030922055104818682, -0.011458137160837744, 0.12429578138624633, -0.018620379020226077, -0.011458137160837744, 0.020933655829219792, -0.18329600697342224, 0.4111030969528954, 0.12429578138624633, -0.18329600697342224, 6.542039617634958]","[6.542039617634958, 0.4111030969528954, 0.12429578138624633, -0.18329600697342224, 0.051855710934038485, 0.09786205293384662, 0.1078504522094455, -0.006296625818457564, 0.018620379020226077, 0.011458137160837744]",6.542039617634958,"[0.06284020290013394, 0.018999545806966705, -0.02801817440532199]","[0.04435852805079732, 0.0015141463034848467, 0.0071020207512318585, 0.0015141463034848467, 0.06689263141727278, 0.007975596280112119, 0.0071020207512318585, 0.007975596280112119, 0.07965508679199142]",-0.0014165102843463394,13.762,True,True,0.05712899863433334,0.03710562019260399,2.1259954332516133,0.19158362105172816,0.29896061378724453,17.12918141064972,152.49531713214486,152.38088739311502,7.034340217403191,True,null,0.010726762045943944,0.002,False,False,0.019862208389052984,0.04870669453206234,2.790688030720096,0.08133929346714404,0.39440867915215305,22.59795271874779,152.0182480019951,151.9105994686033,7.159340180479878,True,null
14,0.8606085220605924,"[0.452681885569982, -0.08081072575070239, -0.18950089972735545, 0.1613112893483082, -0.08081072575070239, -0.1521012739884748, 0.07319194117444804, -0.274005151206998, -0.18950089972735545, 0.07319194117444804, -0.298274315740986, -0.42633156159646823, 0.1613112893483082, -0.274005151206998, -0.42633156159646823, -0.14718418888851253]","[0.10633515182939615, 0.0021612754180030855, -0.033785314244727735, 0.2866501531122245, 0.0021612754180030855, 0.03233801609842907, -0.0007477738765525532, -0.04491375784289588, -0.033785314244727735, -0.0007477738765525532, 0.021617636477535288, -0.19416580584367446, 0.2866501531122245, -0.04491375784289588, -0.19416580584367446, 4.408712615168401]","[4.408712615168401, 0.2866501531122245, -0.04491375784289588, -0.19416580584367446, 0.05395565257596435, 0.12795278830693144, 0.13867316792782522, -0.0021612754180030855, 0.033785314244727735, 0.0007477738765525532]",4.408712615168401,"[0.06501901533023269, -0.010187499563561435, -0.04404138413913329]","[0.044946762845696306, -0.005081523727728691, 0.021160844737970884, -0.005081523727728691, 0.10076374676546852, 0.002725837938843541, 0.021160844737970884, 0.002725837938843541, 0.11957789833978555]",-0.0019664222450566098,14.642,True,True,0.01999423147385025,0.026943700665567817,1.543760332600863,0.07573652239573442,0.14959259642502107,8.571024421557514,153.08163354855066,152.96071596149892,7.018582882568835,True,null,0.007404176617642194,0.002,False,False,0.019222524760049202,0.0483645611726513,2.7710852331952114,0.08442129151150125,0.2319848414649515,13.291752326953219,150.48836091623338,150.36023380517543,6.634587628710691,True,null
15,0.6353968837222612,"[-0.041625322453877026, 0.20746340816955622, -0.37690773683457374, -0.03676830901560871, 0.20746340816955622, 0.3640930278960275, -0.33651175971102176, 0.2896673777636957, -0.37690773683457374, -0.33651175971102176, -0.1741856527359074, 0.03228487941067528, -0.03676830901560871, 0.2896673777636957, 0.03228487941067528, 0.2570579506987412]","[0.07310968020606451, 0.022249080049382697, -0.0268970319556577, 0.18085635863379568, 0.022249080049382697, 0.053029379401227664, -0.014536382806613873, 0.13951491260356366, -0.0268970319556577, -0.014536382806613873, 0.02011601654324719, -0.12254499270033242, 0.18085635863379568, 0.13951491260356366, -0.12254499270033242, 5.278532625226957]","[5.278532625226957, 0.18085635863379568, 0.13951491260356366, -0.12254499270033242, 0.07314539594447483, 0.09322569674931168, 0.12613905960729216, -0.022249080049382697, 0.0268970319556577, 0.014536382806613873]",5.278532625226957,"[0.034262620215598186, 0.026430624286908722, -0.02321573084812817]","[0.06661295813971238, -0.017468933584434423, 0.022698319411442958, -0.017468933584434423, 0.08418411245254917, 0.011297442146309416, 0.022698319411442958, 0.011297442146309416, 0.1162549806404007]",-0.010685658539765316,15.412,True,True,0.030444762088132286,0.018583281685088215,1.0647436100583154,0.09633827917030664,0.07237068464905326,4.146534790862967,151.96915230945493,151.84565474176532,7.111664862191961,True,null,0.00793504246079874,14.742,False,False,0.019667339012977417,0.01967795729784061,1.1274639026049247,0.08839564603220917,0.11004002939740658,6.304829261966904,148.99229125267402,148.8721271705134,6.658954632461882,True,null
16,0.5424507526410163,"[-0.3734489799510628, 0.2540950792766343, 0.06388298352586942, -0.2894624847272168, 0.2540950792766343, 0.021989957683527347, 0.11656063419803095, -0.25595133065472725, 0.06388298352586942, 0.11656063419803095, 0.4572574722629238, 0.30602563063256477, -0.2894624847272168, -0.25595133065472725, 0.30602563063256477, -0.02453266896621389]","[0.05060457275616014, 0.010292045288832149, -0.01355455852273113, 0.05373724017282017, 0.010292045288832149, 0.03847555586274618, -0.0026324526928564835, -0.027756456783580723, -0.01355455852273113, -0.0026324526928564835, 0.018133466666333958, -0.040109536908875025, 0.05373724017282017, -0.027756456783580723, -0.040109536908875025, 4.414977274841384]","[4.414977274841384, 0.05373724017282017, -0.027756456783580723, -0.040109536908875025, 0.05660902252908014, 0.0687380394224941, 0.08908012861890632, -0.010292045288832149, 0.01355455852273113, 0.0026324526928564835]",4.414977274841384,"[0.012171577978224312, -0.006286885538856579, -0.009084879584191298]","[0.05607013054932274, -0.010629885166972716, 0.013066362166574292, -0.010629885166972716, 0.06771958210040124, 0.002884616760419124, 0.013066362166574292, 0.002884616760419124, 0.08825155994304568]",-0.005573115784608376,15.452,True,True,0.020228012601986495,0.018658936094881267,1.0690782884410104,0.08160266606923823,0.11191994979822495,6.412540766754339,152.79582627621963,152.66139313853932,7.103782428908938,True,null,0.013077463313386148,14.802,False,False,0.02015214021760538,0.03371788143852374,1.9318923005499073,0.08495250062110402,0.19631978294845417,11.24829499787081,150.8809997341738,150.76634187012988,6.93536172546002,True,null
17,0.9257953928027587,"[-0.025717968929809286, -0.04920641741749229, 0.03589595254875535, 0.06616368048499045, -0.04920641741749229, 0.3201692618323198, -0.2238192420588369, -0.5282396580687365, 0.03589595254875535, -0.2238192420588369, 0.09799318139953204, -0.01251987567413392, 0.06616368048499045, -0.5282396580687365, -0.01251987567413392, -0.460949938337137]","[0.06313343908281689, 0.0012385183004746591, -0.016719742249352288, 0.13102957577768698, 0.0012385183004746591, 0.05415116460302695, -0.006372749064976362, -0.1655451787165928, -0.016719742249352288, -0.006372749064976362, 0.017853321406239835, -0.06157962554151865, 0.13102957577768698, -0.1655451787165928, -0.06157962554151865, 3.3084654210646036]","[3.3084654210646036, 0.13102957577768698, -0.1655451787165928, -0.06157962554151865, 0.07200448600926677, 0.08098676048905672, 0.11728460368584383, -0.0012385183004746591, 0.016719742249352288, 0.006372749064976362]",3.3084654210646036,"[0.03960433587833119, -0.05003684719283643, -0.018612745700604436]","[0.06257496128777108, -0.007794825161404964, 0.014280922076144122, -0.007794825161404964, 0.07465125524941922, 0.009453999378389418, 0.014280922076144122, 0.009453999378389418, 0.10381190554579611]",-0.013192328053096065,11.352,True,True,0.031229979763896937,0.02730354513042178,1.5643779017181387,0.10504385180870815,0.10583265620642725,6.063764535287299,153.63959608911313,153.5020841434667,6.953458237966858,True,null,0.0108755235184965,14.762,False,False,0.02029417949899255,0.024916671981438588,1.4276201440483014,0.08393769408456922,0.10644558507022872,6.098882772324872,149.66742785933775,149.56398696553825,6.840529632499347,True,null
18,0.7868187967398645,"[-0.13182092242175777, -0.12812064002666168, -0.20978756801697285, 0.27255314683328163, -0.12812064002666168, 0.19325085020119978, -0.28850591534917025, -0.3116152317501332, -0.20978756801697285, -0.28850591534917025, 0.5507269714314936, -0.054632731190917966, 0.27255314683328163, -0.3116152317501332, -0.054632731190917966, -0.07685293763506905]","[0.07282057804953196, 0.003662754570655279, -0.02921944905162991, 0.25930140801111073, 0.003662754570655279, 0.045668336441660504, -0.00972397999144, -0.06147725826182337, -0.02921944905162991, -0.00972397999144, 0.028452532340231304, -0.1266612086915676, 0.25930140801111073, -0.06147725826182337, -0.1266612086915676, 4.427811601173888]","[4.427811601173888, 0.25930140801111073, -0.06147725826182337, -0.1266612086915676, 0.07412086878189181, 0.10127311038976326, 0.11848891449119246, -0.003662754570655279, 0.02921944905162991, 0.00972397999144]",4.427811601173888,"[0.05856197854993775, -0.013884343734391208, -0.028605826105606566]","[0.06964404888617978, -0.007262984450293162, 0.021801918065125138, -0.007262984450293162, 0.08246465838569102, 0.011482587750727184, 0.021801918065125138, 0.011482587750727184, 0.10245013961172204]",-0.009747458343241448,14.592,True,True,0.020083249604974474,0.019393587050530618,1.1111706876149707,0.07692735893456477,0.12612751790608345,7.2265744564793,153.11032303732242,152.98350804475783,6.919763788944596,True,null,0.01230247989613317,14.752,False,False,0.019610866574068252,0.03229835604277699,1.8505594864619805,0.08610633645807499,0.21281976289489357,12.193674210852281,149.6682339765121,149.55517741237418,6.777572144482925,True,null
19,0.9539394037424684,"[-0.12411211756095046, -0.25677390508389974, 0.01962938549959018, 0.12845273457380346, -0.25677390508389974, -0.0011021777081786708, 0.05133509422330997, 0.3268780379257326, 0.01962938549959018, 0.05133509422330997, 0.7182603178707027, 0.08984379873461436, 0.12845273457380346, 0.3268780379257326, 0.08984379873461436, -0.26066773390959985]","[0.0614922599547647, 9.073624196836773e-05, -0.020198228400137408, 0.16042103821895337, 9.073624196836773e-05, 0.04065768028748334, -0.003968540970581221, 0.13893358443807768, -0.020198228400137408, -0.003968540970581221, 0.028635546783188977, -0.06973183564611884, 0.16042103821895337, 0.13893358443807768, -0.06973183564611884, 3.664708086760917]","[3.664708086760917, 0.16042103821895337, 0.13893358443807768, -0.06973183564611884, 0.06929322707067231, 0.09012780673795368, 0.10214994024224805, -9.073624196836773e-05, 0.020198228400137408, 0.003968540970581221]",3.664708086760917,"[0.04377457478768598, 0.03791122816575421, -0.019027937285927707]","[0.0626992312556473, 0.005991022340537551, 0.017145746945563752, 0.005991022340537551, 0.0817785910074129, 0.001324921438984337, 0.017145746945563752, 0.001324921438984337, 0.0898604346876962]",-0.0031204796731973804,13.792,True,True,0.024773961966807676,0.015256468155057993,0.8741312355605646,0.07610306200897435,0.05667781141338228,3.247399386025212,152.99590477181977,152.86485311056896,6.980408577142041,True,null,0.01811966170342277,11.512,False,False,0.019844308024516675,0.025698086811465928,1.4723919158578005,0.08348710590393486,0.11087113438867387,6.352448070298777,152.06836591482792,151.95234893972722,6.998270030903729,True,null
20,0.5716614859363838,"[0.4223699962842788, -0.11782949005845846, -0.01864348580051979, -0.14363359653420385, -0.11782949005845846, -0.09511594201446893, -0.5231420987507585, 0.06531076375757645, -0.01864348580051979, -0.5231420987507585, -0.15618137616771172, 0.26541946596111726, -0.14363359653420385, 0.06531076375757645, 0.26541946596111726, -0.14716887016843824]","[0.07781920840495216, 0.006707100488469448, -0.018668912930571595, 0.08668117935549156, 0.006707100488469448, 0.038222996409164746, -0.009907183341020389, 0.03815561349911624, -0.018668912930571595, -0.009907183341020389, 0.01605487521897524, -0.052147088925261896, 0.08668117935549156, 0.03815561349911624, -0.052147088925261896, 4.058321102673824]","[4.058321102673824, 0.08668117935549156, 0.03815561349911624, -0.052147088925261896, 0.05427787162813999, 0.0938740836239274, 0.11604220481411691, -0.006707100488469448, 0.018668912930571595, 0.009907183341020389]",4.058321102673824,"[0.02135887653108121, 0.00940182221509713, -0.012849424085961259]","[0.05324907927306431, -0.005892139450774168, 0.017555109696761613, -0.005892139450774168, 0.09135261095605593, 0.009416905681910216, 0.017555109696761613, 0.009416905681910216, 0.11383205991206781]",-0.005148262361843806,15.442,True,True,0.020588197075748674,0.012617969108111003,0.722956375921212,0.0782617478174457,0.06603503042089458,3.7835285431352594,152.6317428416318,152.50281106194734,6.995909917480152,True,null,0.00862133808552046,14.752,False,False,0.019400876373891,0.024350053197667344,1.3951552791453734,0.08523316484003512,0.10634879797897984,6.093337280484963,151.49058396395566,151.3725913716556,6.874243678373207,True,null
21,0.6757214453651046,"[-0.18846110248133652, 0.19157221188299994, 0.28242934362478195, -0.25241880081037754, 0.19157221188299994, 0.5625753909679241, 0.33027209798806034, -0.049439469240171424, 0.28242934362478195, 0.33027209798806034, 0.08669045659337607, -0.07708269932001696, -0.25241880081037754, -0.049439469240171424, -0.07708269932001696, 0.2125600793232596]","[0.05281578895993093, 0.01252221192117478, -0.010220774022634663, 0.08109337499278138, 0.01252221192117478, 0.056011515621773374, 0.00060852844707993, 0.013925545967657407, -0.010220774022634663, 0.00060852844707993, 0.016368404000527446, -0.1138365375740919, 0.08109337499278138, 0.013925545967657407, -0.1138365375740919, 5.1172845928992]","[5.1172845928992, 0.08109337499278138, 0.013925545967657407, -0.1138365375740919, 0.07237991962230082, 0.06918419296045838, 0.10882730458170431, -0.01252221192117478, 0.010220774022634663, -0.00060852844707993]",5.1172845928992,"[0.0158469542822198, 0.002721276433790813, -0.022245496709730143]","[0.06980967404017983, -0.012301534430870363, 0.008416811616051833, -0.012301534430870363, 0.06536675963230534, -0.0009183091340846487, 0.008416811616051833, -0.0009183091340846487, 0.10750432631553333]",-0.004849495200629271,13.692,True,True,0.027845379423889774,0.013139084622026669,0.7528140955073706,0.09056233556948318,0.09006481531859527,5.160333800380713,153.1685611002226,153.03535359231637,7.256491321937552,True,null,0.011720056692482096,14.782,False,False,0.02016051754938923,0.027518213769511354,1.5766775087317886,0.08368520359034233,0.15983546025110912,9.157897288919582,149.79992392501947,149.6955811217963,6.8469804028448555,True,null
22,0.912204685089869,"[-0.6382837291110368, -0.25625438135857836, 0.012960877309638371, -0.37468717638505217, -0.25625438135857836, -0.09623279362748137, 0.13248578920420898, 0.05566235791122708, 0.012960877309638371, 0.13248578920420898, 0.03352681358743689, 0.0024094401445877594, -0.37468717638505217, 0.05566235791122708, 0.0024094401445877594, 0.35839414446137313]","[0.033577128054898916, -0.0033870889571494403, -0.01063818854546285, 0.03832027658780835, -0.0033870889571494403, 0.03484430562076885, -0.0007162187701034506, 0.07775175923216618, -0.01063818854546285, -0.0007162187701034506, 0.016255100138473637, -0.10902285672306626, 0.03832027658780835, 0.07775175923216618, -0.10902285672306626, 6.295733927132331]","[6.295733927132331, 0.03832027658780835, 0.07775175923216618, -0.10902285672306626, 0.0510994057592425, 0.04983222819337257, 0.06842143367566778, 0.0033870889571494403, 0.01063818854546285, 0.0007162187701034506]",6.295733927132331,"[0.006086705224733506, 0.01234991188193076, -0.017316941596470153]","[0.04825123594150648, 0.003860340996300088, 0.00997459855383119, 0.003860340996300088, 0.04771104152309865, -0.0006302039035427801, 0.00997459855383119, -0.0006302039035427801, 0.06722796207276518]",-0.01765958587670355,13.702,True,True,0.051669233708110544,0.021105409820170087,1.2092509075897078,0.1723848351401653,0.1634207132979313,9.363317156988913,153.2841661249581,153.1677264854532,7.072284132093309,True,null,0.01004903961006175,0.0,False,False,0.02024169857111772,0.0511268113167326,2.929350508410473,0.08026665201687556,0.29530049140298864,16.9194718455305,153.1835797506985,153.0729742385775,7.058803866024921,True,null
23,0.6872014898730691,"[-0.16856704772072012, 0.2208063700179148, 0.2115525750511664, -0.019872639293259463, 0.2208063700179148, 0.19315323964207548, 0.3273147045443522, 0.4483146200082486, 0.2115525750511664, 0.3273147045443522, 0.2838168034896293, 0.04374468493831079, -0.019872639293259463, 0.4483146200082486, 0.04374468493831079, 0.21411735389507072]","[0.059399155321804904, 0.01794331524048636, -0.013745763744996926, 0.1876626831729135, 0.01794331524048636, 0.04877007319911397, -0.002855972007065724, 0.19225930562845653, -0.013745763744996926, -0.002855972007065724, 0.01828080072360652, -0.10743632544746921, 0.1876626831729135, 0.19225930562845653, -0.10743632544746921, 5.354344078025816]","[5.354344078025816, 0.1876626831729135, 0.19225930562845653, -0.10743632544746921, 0.0670508739227205, 0.07767995604541142, 0.10816922852091887, -0.01794331524048636, 0.013745763744996926, 0.002855972007065724]",5.354344078025816,"[0.03504867831394692, 0.03590716301133637, -0.020065263621810745]","[0.05799164950241104, -0.011204880684651784, 0.009980262535156069, -0.011204880684651784, 0.06894688883868971, -0.0010017616441155386, 0.009980262535156069, -0.0010017616441155386, 0.09468841327921196]",-0.0068844002398801745,13.762,True,True,0.031766325174080214,0.021852853589579016,1.2520762810001889,0.09837003065835491,0.06664321397155089,3.818374893757147,151.76284187110966,151.63597276850155,7.265198919122473,True,null,0.013019690183165778,14.802,False,False,0.020215852727925337,0.01963408400753,1.1249501482367747,0.08434252707309314,0.0968275781351289,5.547811567616097,149.9197035395299,149.81574648960333,6.916464672681558,True,null
24,0.7497774538402083,"[-0.6315054193422516, -0.20375033606475035, -0.14502778215095663, 0.12884668455731077, -0.20375033606475035, -0.18676372126917892, 0.37487935059181937, 0.2078234347683318, -0.14502778215095663, 0.37487935059181937, -0.19187997110220462, 0.029382118342650528, 0.12884668455731077, 0.2078234347683318, 0.029382118342650528, -0.0450334463160059]","[0.04647167645652518, 0.00043853209108886057, -0.016523993024949238, 0.17659331617270688, 0.00043853209108886057, 0.034134144833183194, 0.0014174982703785968, 0.0915137540399733, -0.016523993024949238, 0.0014174982703785968, 0.015448836141729075, -0.09570776578507045, 0.17659331617270688, 0.0915137540399733, -0.09570776578507045, 4.335284545025275]","[4.335284545025275, 0.17659331617270688, 0.0915137540399733, -0.09570776578507045, 0.049582980974912275, 0.06192051259825426, 0.08060582128970838, -0.00043853209108886057, 0.016523993024949238, -0.0014174982703785968]",4.335284545025275,"[0.04073396205915645, 0.021109053647928377, -0.022076466905706294]","[0.04553832290738596, 0.003289185693866387, 0.012625436524693546, 0.003289185693866387, 0.052614277833401404, -0.0034377986328590127, 0.012625436524693546, -0.0034377986328590127, 0.0714807071052756]",-0.008226262291926677,13.762,True,True,0.019753600676627753,0.012853918585248843,0.7364752851395288,0.07852673016382747,0.05070344971215322,2.9050936752601886,152.74437812400998,152.6123214434501,7.034194483501178,True,null,0.008045183560280306,0.0,False,False,0.019985173553640233,0.02414950008753457,1.383664432366543,0.08130284878251239,0.1069198643720004,6.126056974626802,152.8573360081682,152.74787683922864,7.057801454993083,True,null
25,0.9907816409346779,"[-0.05137875926402484, -0.05347699709182361, 0.4386094882969585, -0.011981740553633448, -0.05347699709182361, 0.7432248620689065, 0.058143435785151756, 0.10996236936173866, 0.4386094882969585, 0.058143435785151756, 0.14304344321309934, -0.021024276268582713, -0.011981740553633448, 0.10996236936173866, -0.021024276268582713, 0.04385804109857445]","[0.05857557364870128, 0.007641581685523975, -0.00585199952708837, 0.14842239467416418, 0.007641581685523975, 0.07907398502842196, -0.005238615608393511, 0.10707084651207313, -0.00585199952708837, -0.005238615608393511, 0.016386697615879398, -0.10747945725896277, 0.14842239467416418, 0.10707084651207313, -0.10747945725896277, 4.634932498746911]","[4.634932498746911, 0.14842239467416418, 0.10707084651207313, -0.10747945725896277, 0.09546068264430138, 0.0749622712645807, 0.13764955867712325, -0.007641581685523975, 0.00585199952708837, 0.005238615608393511]",4.634932498746911,"[0.03202255797992555, 0.023100842685631458, -0.02318900162796775]","[0.09049491455345741, -0.004212899295131404, 0.002410232375362304, -0.004212899295131404, 0.0677170652162567, 0.0027557495743171624, 0.002410232375362304, 0.0027557495743171624, 0.13042326715665764]",-0.015584640490695849,13.662,True,True,0.02124125470787334,0.013014052024500079,0.7456502553675391,0.08051383408415873,0.04684072601790898,2.6837759101548113,152.8798989578987,152.75062568305228,7.207863459625478,True,null,0.013597816702478765,15.772,False,False,0.01966501043817683,0.018827575910248712,1.0787406381194304,0.0804374104251963,0.09988203778395333,5.722819214186748,151.27981444692148,151.17438473398036,6.895930948079975,True,null
26,0.7597183402468132,"[-0.17908201404432456, 0.03530502779893159, 0.3383742493146407, 0.05137329113084871, 0.03530502779893159, 0.15970971484315477, 0.07836590151171033, -0.008662356254814596, 0.3383742493146407, 0.07836590151171033, -0.17305450486018756, 0.5407670212010486, 0.05137329113084871, -0.008662356254814596, 0.5407670212010486, -0.2800331194913993]","[0.05473340148182895, 0.007668132271657574, -0.0071201529692452754, 0.13784262214788076, 0.007668132271657574, 0.0424088362306597, -0.0022279595013836896, 0.030255497300162484, -0.0071201529692452754, -0.0022279595013836896, 0.010706160340685578, -0.0034204150225986417, 0.13784262214788076, 0.030255497300162484, -0.0034204150225986417, 3.8305691997272975]","[3.8305691997272975, 0.13784262214788076, 0.030255497300162484, -0.0034204150225986417, 0.053114996571345274, 0.06543956182251454, 0.09714223771248864, -0.007668132271657574, 0.0071201529692452754, 0.0022279595013836896]",3.8305691997272975,"[0.03598489283464555, 0.007898433815610591, -0.0008929260494346754]","[0.052872971350688, -0.006579391443652319, 0.0069970697012070515, -0.006579391443652319, 0.06047625565880295, 0.002200943579705774, 0.0069970697012070515, 0.002200943579705774, 0.0919430146834669]",-0.007925100051233631,11.092,True,True,0.023248009942782637,0.01755239369207671,1.0056780789080442,0.08216384594112694,0.13752728827160365,7.879733185841915,152.5279637132149,152.38993293077283,7.182024240765831,True,null,0.009451451688833497,11.862,False,False,0.020394858246185674,0.04592843932516843,2.63150573295483,0.08286949855658496,0.32942965117157147,18.87492865859798,154.10484196266455,153.99792112214988,7.145949838285748,True,null
27,0.6170110897104601,"[-0.3268311624226542, -0.5397506331939176, 0.17464915280193452, 0.07666845791046535, -0.5397506331939176, 0.05992924716274777, -0.2263130731498911, 0.13865418635802723, 0.17464915280193452, -0.2263130731498911, -0.0330964355047829, -0.003460686696714077, 0.07666845791046535, 0.13865418635802723, -0.003460686696714077, 0.3035837920865204]","[0.055334773615143974, -0.005337618646045003, -0.01362965615554913, 0.19355446114073205, -0.005337618646045003, 0.04122505245581289, -0.00625542894369825, 0.0794325387777135, -0.01362965615554913, -0.00625542894369825, 0.016467411119382852, -0.12255144707074751, 0.19355446114073205, 0.0794325387777135, -0.12255144707074751, 5.336576459688556]","[5.336576459688556, 0.19355446114073205, 0.0794325387777135, -0.12255144707074751, 0.057692463575195745, 0.07180218473452682, 0.09655982607095687, 0.005337618646045003, 0.01362965615554913, 0.00625542894369825]",5.336576459688556,"[0.03626940653859346, 0.014884549931539669, -0.022964431971785083]","[0.0536958216162699, 0.008218589687366483, 0.00918478789984727, 0.008218589687366483, 0.061967754926755214, 0.004431305810591268, 0.00918478789984727, 0.004431305810591268, 0.08835740304285943]",-0.01440542899730467,13.722,True,True,0.031669197562500986,0.013860948328025044,0.79417383924475,0.09512135741058553,0.06311958092042846,3.616485591375027,153.12374539461695,152.9981281236184,6.990931567049165,True,null,0.01000125853595675,0.0,False,False,0.019565190522340625,0.0219541485743423,1.257880056112967,0.07998816828842353,0.10392662857315475,5.954557196265476,153.11446662197255,153.0060730261247,7.1112513916953395,True,null
28,0.5749530010242085,"[-0.21309671931115262, -0.02816301884205641, -0.11557168761524358, 0.15774211875701694, -0.02816301884205641, -0.028531960788964143, 0.11562711866353774, -0.013367408718519522, -0.11557168761524358, 0.11562711866353774, -0.45824875497805057, 0.37753356925379233, 0.15774211875701694, -0.013367408718519522, 0.37753356925379233, 0.5946081672134006]","[0.06254073164724908, 0.00635924945603512, -0.017468186196268685, 0.23506374603768818, 0.00635924945603512, 0.03694062034811562, -0.0026275045128360784, 0.04795536427196981, -0.017468186196268685, -0.0026275045128360784, 0.013369395412581085, -0.08999121645723493, 0.23506374603768818, 0.04795536427196981, -0.08999121645723493, 6.309139924027654]","[6.309139924027654, 0.23506374603768818, 0.04795536427196981, -0.08999121645723493, 0.050310015760696714, 0.07591012705983016, 0.0994813519953647, -0.00635924945603512, 0.017468186196268685, 0.0026275045128360784]",6.309139924027654,"[0.03725765300314139, 0.00760093528585999, -0.014263626665579796]","[0.04866190902552825, -0.004572545134350825, 0.01411532468017444, -0.004572545134350825, 0.06586860246161205, 0.0019434871002488173, 0.01411532468017444, 0.0019434871002488173, 0.09035892289143288]",-0.01301928035418261,13.702,True,True,0.05192204969967528,0.015794670809381503,0.9049679761760401,0.1724494454328834,0.10036231209711718,5.750336905339581,153.36766715116514,153.25036968523196,7.0933577978730336,True,null,0.0077429138746202214,11.512,False,False,0.020228275878158737,0.026865237894863555,1.5392647469906062,0.08389973845764365,0.13553526312472067,7.765598552241593,152.17150380513274,152.05556032823822,7.01829763185417,True,null
29,0.7461324168852572,"[-0.19387478857042917, 0.3247220159099321, -0.15337544021423927, -0.2177136806185564, 0.3247220159099321, -0.4658007755840579, -0.0008301503961166111, -0.2962424622659857, -0.15337544021423927, -0.0008301503961166111, 0.18476331465601903, -0.18278212048657483, -0.2177136806185564, -0.2962424622659857, -0.18278212048657483, 0.34092553883517607]","[0.05946142907653273, 0.01349509909799989, -0.021133107125856664, 0.10453322447716706, 0.01349509909799989, 0.028309930613074394, -0.004317746006154569, -0.047479304032087666, -0.021133107125856664, -0.004317746006154569, 0.02164814771303844, -0.146840793508135, 0.10453322447716706, -0.047479304032087666, -0.146840793508135, 5.871436480037497]","[5.871436480037497, 0.10453322447716706, -0.047479304032087666, -0.146840793508135, 0.04995807832611283, 0.08110957678957116, 0.08777135968960711, -0.01349509909799989, 0.021133107125856664, 0.004317746006154569]",5.871436480037497,"[0.017803688217112326, -0.008086488577967968, -0.02500934720274743]","[0.04590174508799559, -0.014340405823752662, 0.018518799420684455, -0.014340405823752662, 0.07557610746427837, 0.005505172405637856, 0.018518799420684455, 0.005505172405637856, 0.08552634190294087]",-0.0033290857900039827,15.442,True,True,0.042572920383070936,0.016473824950355636,0.9438806420926908,0.13164238667036676,0.07128023623312249,4.0840566988534075,153.3691856354817,153.24766298013478,7.0508124076359575,True,null,0.010663939427875808,0.002,False,False,0.020247679333740765,0.02896817844744616,1.6597543652204987,0.08679567254265308,0.11875857965516001,6.8043653952088725,147.90955638717074,147.80743883783472,6.809482281059143,True,null
30,0.7167034538419013,"[0.15436875884763993, 0.04649616224890195, 0.22236952052690767, -0.03793235340085953, 0.04649616224890195, 0.13217225281843237, -0.2096370828220454, -0.0044014686598075415, 0.22236952052690767, -0.2096370828220454, 0.7213013413694521, -0.3085825010394281, -0.03793235340085953, -0.0044014686598075415, -0.3085825010394281, 0.23226441329512607]","[0.07114905526981632, 0.011148642889132924, -0.019663918656283245, 0.18094588152194307, 0.011148642889132924, 0.04321022941726965, -0.010908055413185617, 0.05972136675512474, -0.019663918656283245, -0.010908055413185617, 0.029165172190623805, -0.19404851571471204, 0.18094588152194307, 0.05972136675512474, -0.19404851571471204, 5.384542801369644]","[5.384542801369644, 0.18094588152194307, 0.05972136675512474, -0.19404851571471204, 0.07237540160789346, 0.10031422746044014, 0.11435928468708598, -0.011148642889132924, 0.019663918656283245, 0.010908055413185617]",5.384542801369644,"[0.03360468812243755, 0.011091260476178899, -0.036038067273855216]","[0.06471988290950043, -0.009141724985081246, 0.013142978805068425, -0.009141724985081246, 0.08724046408113716, 0.00875581278037785, 0.013142978805068425, 0.00875581278037785, 0.10761626953682704]",-0.000998276489200196,13.782,True,True,0.03261058405201798,0.019463692904233908,1.115187457151331,0.09628912902237843,0.12962842603501262,7.427161716729984,152.31885945235607,152.19911661861389,7.031548572487133,True,null,0.016931498176320153,0.0,False,False,0.01980937190415177,0.027714720573747263,1.5879365192601096,0.08350886615161206,0.16560325857205732,9.488367789792557,148.7340134014082,148.62278011115296,6.846418732654984,True,null
31,0.6092563704241252,"[0.24372377779608353, 0.04333965638109565, 0.08265266780482589, 0.12655897572971028, 0.04333965638109565, -0.5691879373423104, -0.06402058174350828, 0.015753829941416445, 0.08265266780482589, -0.06402058174350828, 0.15466077870538422, -0.1835954714960239, 0.12655897572971028, 0.015753829941416445, -0.1835954714960239, 0.683477649932813]","[0.08017739496950546, 0.00987231656228997, -0.02289635232732648, 0.2869096253344384, 0.00987231656228997, 0.027484561835799958, -0.0058814615612922914, 0.06652091765449236, -0.02289635232732648, -0.0058814615612922914, 0.021255023536308353, -0.19121231826254154, 0.2869096253344384, 0.06652091765449236, -0.19121231826254154, 6.7725485850258735]","[6.7725485850258735, 0.2869096253344384, 0.06652091765449236, -0.19121231826254154, 0.04873958537210832, 0.10143241850581382, 0.10766195680530542, -0.00987231656228997, 0.02289635232732648, 0.0058814615612922914]",6.7725485850258735,"[0.04236361271276762, 0.009822139600677111, -0.02823343618166322]","[0.04268762684772741, -0.00705425016947715, 0.014795907730541707, -0.00705425016947715, 0.08387930946976707, 0.004003347477948507, 0.014795907730541707, 0.004003347477948507, 0.09485405081450445]",0.0020314535946635965,13.752,False,False,0.062464872217388105,0.026577860240967057,1.5227992202959655,0.2096901843159066,0.15659702913669368,8.97234885381973,153.11175864795968,152.99854036867893,7.0594208604822235,True,null,0.011646337454717373,0.002,False,False,0.02000212127164058,0.026043743854177622,1.4921966055641538,0.08476154664012332,0.1651395165304551,9.46179732802597,149.64572086424334,149.5343868863067,6.894937893505073,True,null
32,0.7252053023397453,"[0.3332679586458714, 0.3737473459134715, 0.12236740330469233, -0.07287526916016578, 0.3737473459134715, -0.2617832764900912, 0.06184727844709764, -0.08647487243749298, 0.12236740330469233, 0.06184727844709764, 0.24202612858225972, 0.4572812982750283, -0.07287526916016578, -0.08647487243749298, 0.4572812982750283, -0.03261375465204973]","[0.08073478222868227, 0.019716789278648686, -0.016144126185891627, 0.09886340291263902, 0.019716789278648686, 0.033674721266807865, -0.0043993136939914496, 0.00915988703220287, -0.016144126185891627, -0.0043993136939914496, 0.01646239895603133, -0.008837595689300353, 0.09886340291263902, 0.00915988703220287, -0.008837595689300353, 4.478910087251035]","[4.478910087251035, 0.09886340291263902, 0.00915988703220287, -0.008837595689300353, 0.0501371202228392, 0.0971971811847136, 0.11440950349549014, -0.019716789278648686, 0.016144126185891627, 0.0043993136939914496]",4.478910087251035,"[0.022073093897117545, 0.00204511518511523, -0.001973157647092776]","[0.050100949229259444, -0.019514602232099883, 0.01594905310641694, -0.019514602232099883, 0.09499752203971809, 0.004381239792847352, 0.01594905310641694, 0.004381239792847352, 0.1122085492959474]",0.0012517180290108358,15.472,False,False,0.02031611430125143,0.018634192939941674,1.0676606100911334,0.08031137243568277,0.12310892236031812,7.053621671649957,152.15800369019718,152.03178697156946,7.168092460920717,True,null,0.012504908404943053,16.752,False,False,0.0201639736238729,0.036432949002439645,2.0874542130551546,0.08709294933897611,0.23840461919039016,13.65957849603295,152.14208318518033,152.01777982858044,6.838720132394216,True,null
33,0.6617101717052911,"[-0.5032539516997571, 0.3043595696081612, 0.07384118293642167, -0.10716087844395006, 0.3043595696081612, -0.468498910851884, 0.07602801401666465, 0.15962700879200772, 0.07384118293642167, 0.07602801401666465, -0.008155665878784964, 0.00023070414321193353, -0.10716087844395006, 0.15962700879200772, 0.00023070414321193353, 0.49549377799852856]","[0.04917159302093089, 0.01357871681505768, -0.014592520753524624, 0.1691401860293945, 0.01357871681505768, 0.029825428406553986, -0.004896161792144964, 0.09066186443063132, -0.014592520753524624, -0.004896161792144964, 0.016757672138240327, -0.12942544381661203, 0.1691401860293945, 0.09066186443063132, -0.12942544381661203, 6.1262442323319055]","[6.1262442323319055, 0.1691401860293945, 0.09066186443063132, -0.12942544381661203, 0.046583100544794316, 0.06592926515917122, 0.07899702142748488, -0.01357871681505768, 0.014592520753524624, 0.004896161792144964]",6.1262442323319055,"[0.027609115734684424, 0.014798930795503333, -0.021126393089840507]","[0.04250710908539729, -0.011075622907270112, 0.011019198696178886, -0.011075622907270112, 0.0585251613858028, 0.0029808036059256176, 0.011019198696178886, 0.0029808036059256176, 0.07298551179851306]",-0.008435627620231971,13.742,True,True,0.047894921123321554,0.015267923812877145,0.874787596405148,0.1574376594331771,0.08054710355167766,4.615009085514333,152.69970424486488,152.5758636691075,7.156010195720584,True,null,0.010432710792231969,0.0,False,False,0.020575520605977796,0.019095305270429463,1.0940804005095253,0.08398641260996825,0.0983075461169434,5.632607486788561,150.2944157810002,150.18745736733393,6.948512322015701,True,null
34,0.6929528831038037,"[-0.47319328073278694, -0.09467880562376471, 0.2627821787020636, 0.09234523392512133, -0.09467880562376471, 3.822555354132576e-05, -0.037101879592088875, 0.17812871931103919, 0.2627821787020636, -0.037101879592088875, -0.5331244717077758, -0.2443809506813399, 0.09234523392512133, 0.17812871931103919, -0.2443809506813399, 0.3648522346436251]","[0.049815530379611964, 0.00628913026149969, -0.013145140499689309, 0.2274773933948292, 0.00628913026149969, 0.03890615857325882, -0.005914392370324072, 0.10936299750818221, -0.013145140499689309, -0.005914392370324072, 0.014152360604736895, -0.17012982756311218, 0.2274773933948292, 0.10936299750818221, -0.17012982756311218, 5.82090685812935]","[5.82090685812935, 0.2274773933948292, 0.10936299750818221, -0.17012982756311218, 0.053058519177995714, 0.06396789098434885, 0.08872168895287078, -0.00628913026149969, 0.013145140499689309, 0.005914392370324072]",5.82090685812935,"[0.03907937353045588, 0.01878796554791944, -0.029227374996648955]","[0.04603136268029248, -0.002015292831467122, 0.006496573419678399, -0.002015292831467122, 0.05010576868983556, 0.002717999031394845, 0.006496573419678399, 0.002717999031394845, 0.07777730669725887]",-0.009846970257205902,13.742,True,True,0.04136276370456866,0.020816311193119573,1.1926867763966866,0.1319952963233439,0.11592734482494382,6.642147588627046,152.57598670474727,152.455956248373,7.075704261049945,True,null,0.0077195922721490715,0.0,False,False,0.01998742872698135,0.02682019761719007,1.536684129171818,0.0795573202772202,0.13096715130795666,7.503865024797176,152.01030402717052,151.90127556239528,6.9398167087402856,True,null
35,0.6017520155668459,"[-0.38308535290097456, -0.2230243501975003, -0.1840723461594057, -0.11478183126919121, -0.2230243501975003, -0.27174953756765974, -0.3478482439904337, -0.32523218122223907, -0.1840723461594057, -0.3478482439904337, 0.1764260828579824, 0.15803972438454245, -0.11478183126919121, -0.32523218122223907, 0.15803972438454245, 0.2262190709531067]","[0.05336436340062198, 0.0013372896708227855, -0.017972100860691495, 0.12214403356653883, 0.0013372896708227855, 0.03292857984549882, -0.006442966372176476, -0.04347340776700085, -0.017972100860691495, -0.006442966372176476, 0.018698985966187454, -0.07291754667240777, 0.12214403356653883, -0.04347340776700085, -0.07291754667240777, 5.108697787583345]","[5.108697787583345, 0.12214403356653883, -0.04347340776700085, -0.07291754667240777, 0.051627565811686274, 0.07206334936680943, 0.0862929432461208, -0.0013372896708227855, 0.017972100860691495, 0.006442966372176476]",5.108697787583345,"[0.023909034874485837, -0.008509684771853734, -0.014273215935699577]","[0.05021685292647411, -0.002376696893236752, 0.01622871269433895, -0.002376696893236752, 0.06810223551939995, 0.007063471708695598, 0.01622871269433895, 0.007063471708695598, 0.08300265229181263]",-0.007288854040410161,15.442,True,True,0.027691424535408796,0.01483107788794022,0.8497581686087735,0.0908616370125317,0.05869148740926852,3.3627745218962963,153.34547723515152,153.21456176921515,6.96188305602564,True,null,0.009574261580914269,0.0,False,False,0.01978955169394903,0.020297460411718468,1.1629588164253386,0.08379091691840841,0.11130943607489334,6.3775609070726205,151.05704656991117,150.9412628113372,6.983150876984027,True,null
36,0.6748582465406933,"[-0.3674609496931716, 0.22808221000005757, 0.20039927372469657, -0.2103560193788556, 0.22808221000005757, 0.009402609073020606, -0.35424747347897295, -0.13186009582542793, 0.20039927372469657, -0.35424747347897295, 0.18039861487902392, 0.17888316435375592, -0.2103560193788556, -0.13186009582542793, 0.17888316435375592, 0.4579555184253549]","[0.0490056178888476, 0.012816791641590042, -0.01227163627666383, 0.10390123730596468, 0.012816791641590042, 0.04052745524571391, -0.009853639539484572, -0.00781266454110141, -0.01227163627666383, -0.009853639539484572, 0.017410671919181907, -0.07926672179854727, 0.10390123730596468, -0.00781266454110141, -0.07926672179854727, 6.026566948897634]","[6.026566948897634, 0.10390123730596468, -0.00781266454110141, -0.07926672179854727, 0.05793812716489583, 0.06641628980802952, 0.08953307313456152, -0.012816791641590042, 0.01227163627666383, 0.009853639539484572]",6.026566948897634,"[0.017240534816421488, -0.0012963706546942925, -0.013152881644009042]","[0.056885413245724895, -0.012951486156619924, 0.01090503559971238, -0.012951486156619924, 0.06358239109866189, 0.009956398591518026, 0.01090503559971238, 0.009956398591518026, 0.0877316321262727]",-0.013258082732261992,11.492,True,True,0.045652212110387225,0.01571560347892207,0.9004377518433484,0.14636761493007405,0.07023945889436102,4.024424549929518,153.40116904713915,153.2747890162826,7.155997418288315,True,null,0.011544651649476646,11.612,False,False,0.020283256493299314,0.025805399650877057,1.4785404886436233,0.08458760366216346,0.11892453213458193,6.8138737718794795,150.54669389685944,150.44068821838243,6.926292822380439,True,null
37,0.7516122660115427,"[-0.35545687569220946, 0.10430978135956856, 0.24896782803726714, -0.2164331578228634, 0.10430978135956856, 0.23845488228264028, 0.33202916077595684, 0.18637259124961508, 0.24896782803726714, 0.33202916077595684, -0.045430873697759534, -0.15904292615783397, -0.2164331578228634, 0.18637259124961508, -0.15904292615783397, -0.4845230164838436]","[0.04536237345589746, 0.0094917920240793, -0.008944444506288726, 0.05537372326042619, 0.0094917920240793, 0.046720330888456466, 0.00011481969241837008, 0.07060501359300803, -0.008944444506288726, 0.00011481969241837008, 0.014838771747181748, -0.08507129323206443, 0.05537372326042619, 0.07060501359300803, -0.08507129323206443, 3.145845253152482]","[3.145845253152482, 0.05537372326042619, 0.07060501359300803, -0.08507129323206443, 0.061559102635638206, 0.060201145203079204, 0.09208270434435392, -0.0094917920240793, 0.008944444506288726, -0.00011481969241837008]",3.145845253152482,"[0.01760217645954951, 0.022443892789149135, -0.027042427832969108]","[0.05767391697229486, -0.008248990115886281, 0.007447004591175847, -0.008248990115886281, 0.05692591284714146, -0.0020241506771530924, 0.007447004591175847, -0.0020241506771530924, 0.08952335494084375]",-0.005765655127852619,15.452,True,True,0.033981874848902124,0.015449603680785287,0.8851970860587789,0.11135629740219266,0.11163125310849463,6.395999664873394,152.3262427527018,152.18526128909096,7.217867999427911,True,null,0.01044773114800869,0.0,False,False,0.020357542617535362,0.037620793040345615,2.1555126631469443,0.08154331825760813,0.2360708601640476,13.525863953422961,150.31888089191207,150.21188945647506,6.8432813425919115,True,null
38,0.8076132753966957,"[-0.0635421136282222, 0.34697886247040927, -0.08649141506590007, 0.0996963641854045, 0.34697886247040927, -0.3441542615222845, -0.08574067658093805, 0.3065485231271297, -0.08649141506590007, -0.08574067658093805, -0.4452647630769774, 0.2405340357512697, 0.0996963641854045, 0.3065485231271297, 0.2405340357512697, 0.2920110391643844]","[0.0715167273899565, 0.02320750151571794, -0.02024120331483394, 0.24664670234087938, 0.02320750151571794, 0.0342320665759898, -0.008978382512483523, 0.154741621072367, -0.02024120331483394, -0.008978382512483523, 0.01367554257515824, -0.10025251825297686, 0.24664670234087938, 0.154741621072367, -0.10025251825297686, 5.832895961335968]","[5.832895961335968, 0.24664670234087938, 0.154741621072367, -0.10025251825297686, 0.04790760915114804, 0.08519226996511474, 0.1057487939659463, -0.02320750151571794, 0.02024120331483394, 0.008978382512483523]",5.832895961335968,"[0.042285462311655454, 0.026529124143151173, -0.017187434666675418]","[0.042079365867964034, -0.016664180529817895, 0.016001979232599134, -0.016664180529817895, 0.07303961652134267, 0.006318771010086771, 0.016001979232599134, 0.006318771010086771, 0.09121406445427567]",-0.004338802747294616,13.772,True,True,0.04140684028592914,0.021804364703720977,1.2492980724872316,0.13449769063332626,0.11372347140362173,6.515874943004233,151.99759424740049,151.87346790175917,7.20867707670979,True,null,0.007096539631883109,14.782,False,False,0.02032139042454316,0.02800221839001852,1.6044089307516802,0.08708012086681659,0.1304718453671711,7.475486084822407,150.35537304097306,150.24167213898218,6.944809846620988,True,null
39,0.7745339964221345,"[-0.49767850777904454, -0.17395140910176257, 0.03407768393854586, 0.19856086096150255, -0.17395140910176257, -0.5250679541262946, 0.00035314745441192904, 0.14563459172070015, 0.03407768393854586, 0.00035314745441192904, 0.39939827428838853, 0.014210564945590056, 0.19856086096150255, 0.14563459172070015, 0.014210564945590056, -0.3641210966648986]","[0.04890286839319919, 0.0027766399779832543, -0.01627139177985213, 0.16967831525674715, 0.0027766399779832543, 0.02564717771812254, -0.003869264031745004, 0.060163781311237084, -0.01627139177985213, -0.003869264031745004, 0.020973589611325644, -0.08592256784359294, 0.16967831525674715, 0.060163781311237084, -0.08592256784359294, 3.403024398992589]","[3.403024398992589, 0.16967831525674715, 0.060163781311237084, -0.08592256784359294, 0.04662076732944819, 0.06987645800452484, 0.07455004611132174, -0.0027766399779832543, 0.01627139177985213, 0.003869264031745004]",3.403024398992589,"[0.049861033998750554, 0.017679503364433007, -0.025248883866077758]","[0.043387652618381095, 0.00022318836746973176, 0.011987203703342792, 0.00022318836746973176, 0.05924667282169939, 0.0023501957044734794, 0.011987203703342792, 0.0023501957044734794, 0.06502604409134533]",-0.004057738774370406,15.442,True,True,0.029167608054695118,0.011579711885942949,0.6634686190420058,0.09034304236993734,0.050811998463639166,2.9113130605917474,152.57068963475467,152.43285554751785,6.980184174710993,True,null,0.013039504789314243,11.052,False,False,0.02040604780510742,0.025578706323521116,1.4655519177423504,0.0823738454889949,0.10040075109456363,5.7525392976619765,151.80530405167084,151.69654983196918,7.126375948474767,True,null
40,0.6204651848815146,"[0.012953301830721013, -0.005189776357318237, -0.6193316757036926, -0.05509873591763065, -0.005189776357318237, 0.2879404846204287, 0.1128139728555972, -0.10657090221713574, -0.6193316757036926, 0.1128139728555972, 0.08158089693246084, 0.0638069070752449, -0.05509873591763065, -0.10657090221713574, 0.0638069070752449, 0.28405394981346305]","[0.07755973510207177, 0.007071784811389533, -0.03090484317594607, 0.15222308509541477, 0.007071784811389533, 0.04451663807133708, -0.003248035775157684, 0.010650859649945745, -0.03090484317594607, -0.003248035775157684, 0.022494957956741127, -0.10246730181267205, 0.15222308509541477, 0.010650859649945745, -0.10246730181267205, 5.237203288002969]","[5.237203288002969, 0.15222308509541477, 0.010650859649945745, -0.10246730181267205, 0.0670115960280782, 0.1000546930588129, 0.12207637317340884, -0.007071784811389533, 0.03090484317594607, 0.003248035775157684]",5.237203288002969,"[0.02906572014191565, 0.002033692233093952, -0.01956527103834163]","[0.06498513492499984, -0.006762209905533389, 0.02792655725776174, -0.006762209905533389, 0.09362541893575808, 0.003039648819315159, 0.02792655725776174, 0.003039648819315159, 0.11763023901234064]",-0.009810970196829989,14.602,True,True,0.029816405390213258,0.012828923464049334,0.735043170186379,0.09544680705597315,0.06621595308922683,3.793894648448943,152.97740085154032,152.85638940428754,7.000967420682032,True,null,0.00841928618290038,14.732000000000001,False,False,0.01949230606990778,0.019863547040887247,1.1380974116024145,0.08754986735189649,0.11574560665409912,6.631734758461217,150.3838284009575,150.26347885161036,6.603522822229972,True,null
41,0.7497479590014602,"[0.48091576418997267, 0.07224365599277845, 0.04401663779170752, -0.04822598728912569, 0.07224365599277845, -0.44198744736157586, 0.08298964303219199, 0.2234940059474553, 0.04401663779170752, 0.08298964303219199, -0.4890972511458712, -0.3030279305823822, -0.04822598728912569, 0.2234940059474553, -0.3030279305823822, -0.1336440584775073]","[0.08963184340409681, 0.011852330656715811, -0.021090410994436953, 0.1467057994485498, 0.011852330656715811, 0.028775751400671252, -0.004921817174370919, 0.09089335578508476, -0.021090410994436953, -0.004921817174370919, 0.015298767150202923, -0.13508819608578437, 0.1467057994485498, 0.09089335578508476, -0.13508819608578437, 4.155545642365156]","[4.155545642365156, 0.1467057994485498, 0.09089335578508476, -0.13508819608578437, 0.04407451855087417, 0.10493061055429974, 0.11840759480476806, -0.011852330656715811, 0.021090410994436953, 0.004921817174370919]",4.155545642365156,"[0.03530361884439591, 0.02187278485367621, -0.032507932221603045]","[0.03769498981286307, -0.008643466268591112, 0.016321308809447408, -0.008643466268591112, 0.09535992700601045, 0.001967062125115333, 0.016321308809447408, 0.001967062125115333, 0.11124025836305827]",0.0002983086585453267,14.632,False,False,0.019885267906744965,0.014285374931125777,0.8184916923154961,0.07697290341433193,0.055792540201348266,3.196677081851232,152.33612348151166,152.21130935236098,7.063458565911856,True,null,0.007442614390469075,0.002,False,False,0.019223982622844957,0.030757685830227845,1.762285585661391,0.08515093696681095,0.15624870856578954,8.952391555189335,149.83091280379838,149.70346500072046,6.6204835789888845,True,null
42,0.8419324632753271,"[0.0693869014308798, 0.06637309325352672, -0.01931767875714324, -0.3570104874916186, 0.06637309325352672, -0.6538941673430776, 0.23635536996398068, 0.17879064407105394, -0.01931767875714324, 0.23635536996398068, 0.2175635995958752, 0.08141280463455573, -0.3570104874916186, 0.17879064407105394, 0.08141280463455573, 0.25862687215940894]","[0.06277014248828738, 0.006718768433752343, -0.016202619729993983, 0.008954121602405015, 0.006718768433752343, 0.023096188596111417, -0.0009419058925064761, 0.08683783123022709, -0.016202619729993983, -0.0009419058925064761, 0.018560677077875655, -0.07382069684709613, 0.008954121602405015, 0.08683783123022709, -0.07382069684709613, 5.660690910214333]","[5.660690910214333, 0.008954121602405015, 0.08683783123022709, -0.07382069684709613, 0.041656865673987076, 0.08133081956616305, 0.08586633108439881, -0.006718768433752343, 0.016202619729993983, 0.0009419058925064761]",5.660690910214333,"[0.0015818071935791284, 0.015340500410212137, -0.013040934051688229]","[0.039362039049145196, -0.00658140772763756, 0.016085849620686224, -0.00658140772763756, 0.08035396503296753, -0.00019054053775854787, 0.016085849620686224, -0.00019054053775854787, 0.08452003160482671]",-0.004437552324108365,13.742,True,True,0.037834297731415875,0.020600598857950164,1.180327370002568,0.11812320179142767,0.17228444228964765,9.871171418962007,152.45068479203292,152.32799316479256,7.091571254023255,True,null,0.011928589927194607,0.002,False,False,0.02013451720591823,0.0400307204917406,2.293591335044596,0.08542478950943244,0.27061423490777686,15.50505353637745,150.1236640614985,150.01105828375063,6.97456276111263,True,null
43,0.6125333379751929,"[-0.15375179261847546, 0.4220413401971114, -0.20529123671464272, -0.055221054894693554, 0.4220413401971114, -0.28663198161406955, -0.14085135546584773, -0.28350485402419173, -0.20529123671464272, -0.14085135546584773, -0.4948595321021785, 0.0336309532948149, -0.055221054894693554, -0.28350485402419173, 0.0336309532948149, 0.0008616412919265361]","[0.06360336199970626, 0.01676818172201591, -0.019444432117878996, 0.11783819645206585, 0.01676818172201591, 0.034061716335977994, -0.006442209837128031, -0.028475630012258363, -0.019444432117878996, -0.006442209837128031, 0.014609769408574799, -0.08457867369242988, 0.11783819645206585, -0.028475630012258363, -0.08457867369242988, 4.437249653428105]","[4.437249653428105, 0.11783819645206585, -0.028475630012258363, -0.08457867369242988, 0.04867148574455278, 0.07821313140828104, 0.09766507833568425, -0.01676818172201591, 0.019444432117878996, 0.006442209837128031]",4.437249653428105,"[0.026556584744116683, -0.006417405428215837, -0.019061058155041284]","[0.046876587064012584, -0.01752439720357856, 0.01719831140242099, -0.01752439720357856, 0.07347159234018022, 0.006984985476793127, 0.01719831140242099, 0.006984985476793127, 0.09435295862289855]",-0.008563741598696429,15.432,True,True,0.020237182250294687,0.01272544489094273,0.7291142846773346,0.08017513046340226,0.062404228791599035,3.575498933527402,152.60438870526116,152.4713291755178,7.089915270909146,True,null,0.007338985901502832,14.772,False,False,0.01998607119929197,0.01906884161866039,1.0925641449526535,0.08718155055387622,0.10846698617346892,6.214700524243624,148.73665184859783,148.6248359070962,6.803550885278313,True,null
44,0.9969389451583667,"[-0.12525104002076565, -0.3428893440450537, -0.15121833475433374, -0.09310654990192786, -0.3428893440450537, -0.2937035107580896, -0.08797926071037897, 0.2644522413874287, -0.15121833475433374, -0.08797926071037897, -0.6553011937201212, -0.04435201298374996, -0.09310654990192786, 0.2644522413874287, -0.04435201298374996, -0.10548961199744043]","[0.05765155700050836, -0.004238782756209367, -0.015933903123481676, 0.08758468648869769, -0.004238782756209367, 0.031225637576306343, -0.0041163041426154744, 0.12498468232505575, -0.015933903123481676, -0.0041163041426154744, 0.01146337617513615, -0.09297246973497174, 0.08758468648869769, 0.12498468232505575, -0.09297246973497174, 4.108769919124574]","[4.108769919124574, 0.08758468648869769, 0.12498468232505575, -0.09297246973497174, 0.04268901375144249, 0.06911493317564452, 0.0888771945768147, 0.004238782756209367, 0.015933903123481676, 0.0041163041426154744]",4.108769919124574,"[0.021316522514689438, 0.0304190024715926, -0.02262781113691095]","[0.036783340904790296, 0.006903021550982724, 0.013952053379129869, 0.006903021550982724, 0.06514416874807107, 0.001288174355957301, 0.013952053379129869, 0.001288174355957301, 0.08320828427477928]",-0.010243361159966654,13.762,True,True,0.020189120919282887,0.015724924270742777,0.9009717938763949,0.07778317298351675,0.07769711050096108,4.4517165120666595,152.86464185339722,152.7306220402751,6.9713093438544735,True,null,0.005048523921966302,0.0,False,False,0.019532295564817757,0.027052185004190914,1.5499760273472347,0.08140781904196633,0.1338723236162996,7.670319136823506,152.2183859898697,152.10220410542328,7.034553628990827,True,null
45,0.7835705930156522,"[-0.2772712907867834, 0.10314360874515102, -0.15833507612127948, -0.2679139442330033, 0.10314360874515102, 0.5447180532992156, 0.07347843986507382, -0.3672871565610602, -0.15833507612127948, 0.07347843986507382, -0.3401019715415284, -0.022480846042643728, -0.2679139442330033, -0.3672871565610602, -0.022480846042643728, 0.11896179660847953]","[0.05125275307511464, 0.008303907896920575, -0.015650786163730383, 0.05079283882734049, 0.008303907896920575, 0.057949503940451855, -0.001634580722038839, -0.11915123366605843, -0.015650786163730383, -0.001634580722038839, 0.014087831977076075, -0.08849898412887647, 0.05079283882734049, -0.11915123366605843, -0.08849898412887647, 5.0758573814173475]","[5.0758573814173475, 0.05079283882734049, -0.11915123366605843, -0.08849898412887647, 0.07203733591752792, 0.06534058505219072, 0.10920225701556649, -0.008303907896920575, 0.015650786163730383, 0.001634580722038839]",5.0758573814173475,"[0.010006750586273849, -0.023474109832610675, -0.017435277920311586]","[0.0676973623878076, -0.009496224574263658, 0.014765198902414109, -0.009496224574263658, 0.06328930939852451, 0.003712015595554554, 0.014765198902414109, 0.003712015595554554, 0.10589701660008437]",-0.016230307324369805,11.432,True,True,0.02726081447825135,0.024598451062485677,1.409387428439525,0.08976490051669848,0.13482636605763917,7.72498174218862,153.84723256878328,153.7126832528039,7.116172858805634,True,null,0.007497392544371997,0.002,False,False,0.01991505567992121,0.03424674469883513,1.9621939333052785,0.08453802237311707,0.22354697592696962,12.808298243527974,150.04839962265942,149.9438795287368,6.785968307676185,True,null
46,0.8102344306527631,"[-0.23720610300136727, 0.15899033446628433, 0.16811544064556252, 0.19496634221745204, 0.15899033446628433, 0.4887946893636127, -0.2579105218448132, 0.13398665039709862, 0.16811544064556252, -0.2579105218448132, -0.5624228428992191, 0.06979121945066898, 0.19496634221745204, 0.13398665039709862, 0.06979121945066898, -0.16342034485878684]","[0.05921680914640552, 0.01846037761205558, -0.014445392315464605, 0.20806748895771196, 0.01846037761205558, 0.05968439602465504, -0.011618857724769683, 0.09539166851854544, -0.014445392315464605, -0.011618857724769683, 0.012130464758915315, -0.09299061142251332, 0.20806748895771196, 0.09539166851854544, -0.09299061142251332, 3.9736619082890483]","[3.9736619082890483, 0.20806748895771196, 0.09539166851854544, -0.09299061142251332, 0.07181486078357037, 0.07134727390532085, 0.11890120517106058, -0.01846037761205558, 0.014445392315464605, 0.011618857724769683]",3.9736619082890483,"[0.052361648715932206, 0.024005985088856874, -0.023401742163452595]","[0.06734874749938152, -0.013465512574660854, 0.00957625058627921, -0.013465512574660854, 0.05827637482717957, 0.009386526493557146, 0.00957625058627921, 0.009386526493557146, 0.10571647743299338]",-0.011898390209962327,15.422,True,True,0.021254420178134843,0.013685711569811096,0.7841335125835363,0.07923796381143203,0.07217652943046121,4.135410516267203,152.0345753564594,151.90069955041193,7.217927753075573,True,null,0.006883526267345091,14.772,False,False,0.02001774238559615,0.025820856527918455,1.4794261024625481,0.08405118501607578,0.1411002291711583,8.084447619836073,150.9413885159656,150.83567794403032,6.88941314237424,True,null
47,0.8456345077910601,"[-0.08595236420362598, 0.1925787128922863, 0.11003551939547526, 0.3185406895270138, 0.1925787128922863, -0.035023017273573966, -0.20523194500380337, 0.3816636323696361, 0.11003551939547526, -0.20523194500380337, 0.11604402298078034, 0.3676152189701447, 0.3185406895270138, 0.3816636323696361, 0.3676152189701447, -0.17532202500157068]","[0.0713612487183592, 0.022113605820411157, -0.017234821961014224, 0.2792793203798749, 0.022113605820411157, 0.04290211222331681, -0.011160884792549819, 0.16641917537126472, -0.017234821961014224, -0.011160884792549819, 0.01692294672622016, -0.056869720288442054, 0.2792793203798749, 0.16641917537126472, -0.056869720288442054, 4.398097167158413]","[4.398097167158413, 0.2792793203798749, 0.16641917537126472, -0.056869720288442054, 0.05982505894953696, 0.08828419544457936, 0.114263360941676, -0.022113605820411157, 0.017234821961014224, 0.011160884792549819]",4.398097167158413,"[0.0635000341659836, 0.03783890374545482, -0.012930528391482827]","[0.052792584258460326, -0.011545982498461031, 0.013623592779688222, -0.011545982498461031, 0.06981459352579923, 0.00900899692052452, 0.013623592779688222, 0.00900899692052452, 0.09023199539743]",-0.002529789450171996,15.622,True,True,0.019783406553020425,0.023770182146329394,1.361931115241895,0.07813998386241185,0.14431927580206846,8.268885405843031,151.1766760748928,151.05071644277635,7.1936509665206625,True,null,0.010619121143586882,0.0,False,False,0.020130322170885395,0.05160285740546936,2.9566259401488,0.08545801813892585,0.3006604988218263,17.22657764878871,152.62361426073525,152.5064070495833,7.015202667376853,True,null
48,0.5468912285202576,"[-0.33904006148876675, -0.21940978655718538, -0.18892816960769188, -0.2676029894834236, -0.21940978655718538, -0.34021764664718324, 0.12883729044106357, 0.17885583669186658, -0.18892816960769188, 0.12883729044106357, 0.564561908669724, -0.06719971599800427, -0.2676029894834236, 0.17885583669186658, -0.06719971599800427, 0.1829573349246705]","[0.054889418427355244, 0.0018983260024530739, -0.020024117521393103, 0.09674442808369699, 0.0018983260024530739, 0.03167535519605793, -0.0028267995032246014, 0.07666361610143493, -0.020024117521393103, -0.0028267995032246014, 0.022775491429394834, -0.10862904698626072, 0.09674442808369699, 0.07666361610143493, -0.10862904698626072, 4.905949166448439]","[4.905949166448439, 0.09674442808369699, 0.07666361610143493, -0.10862904698626072, 0.054450846625452756, 0.07766490985675006, 0.08656477362341317, -0.0018983260024530739, 0.020024117521393103, 0.0028267995032246014]",4.905949166448439,"[0.01971981869386819, 0.01562666336327614, -0.022142309938547627]","[0.05084755207772536, -0.000386533392516463, 0.01788197240993635, -0.000386533392516463, 0.07335182924859875, 0.0011292899544967986, 0.01788197240993635, 0.0011292899544967986, 0.08345899452093213]",-0.006334674466800206,13.752,True,True,0.024417603115831105,0.012689090168283627,0.7270313125035993,0.08754792325665635,0.06751686282124197,3.8684312856209053,152.7302155584541,152.6056817464236,6.992280319310383,True,null,0.012431567685951052,0.002,False,False,0.019836012863842345,0.02531666882759499,1.450538275151607,0.08410378824954728,0.12272066746363165,7.031376304694535,150.36046787113338,150.24674295011243,6.953341691954854,True,null
49,0.749942850089981,"[-0.23867731857359278, 0.30424075883117113, -0.35796676923855353, -0.19537433159926204, 0.30424075883117113, 0.03527598461904596, -0.15556522150092758, -0.15833953548382285, -0.35796676923855353, -0.15556522150092758, 0.32167495171928995, 0.007487159312497082, -0.19537433159926204, -0.15833953548382285, 0.007487159312497082, -0.4710736738950401]","[0.06275798624446324, 0.018795662581011868, -0.02584192777718402, 0.044348929763684104, 0.018795662581011868, 0.04156046926651582, -0.009897429393426877, -0.019381447810678975, -0.02584192777718402, -0.009897429393426877, 0.02345240092649307, -0.05531635410372516, 0.044348929763684104, -0.019381447810678975, -0.05531635410372516, 3.1102204387307726]","[3.1102204387307726, 0.044348929763684104, -0.019381447810678975, -0.05531635410372516, 0.06501287019300889, 0.0862103871709563, 0.10431845551097906, -0.018795662581011868, 0.02584192777718402, 0.009897429393426877]",3.1102204387307726,"[0.014259095339808821, -0.0062315350929235775, -0.01778534840003135]","[0.06390827339087071, -0.019072024493167868, 0.025053166610168376, -0.019072024493167868, 0.08459419092328319, 0.010242135195236828, 0.025053166610168376, 0.010242135195236828, 0.10356530372107628]",-0.01081130334918522,15.412,True,True,0.03474483943830049,0.017314207731633013,0.9920310286353503,0.1191160605144169,0.11179613651812459,6.405446788356917,152.75738909351594,152.63510350697257,6.977049238070855,True,null,0.010308582776665834,14.752,False,False,0.02007103818648698,0.033695387211596935,1.9306034762835917,0.08951655737994413,0.2115281140045771,12.119668180824391,147.84114108529647,147.7143752113428,6.624245329188256,True,null
50,0.5972077090054335,"[-0.5083912690846223, 0.11455422414274648, -0.07156047967755205, -0.24739683967308282, 0.11455422414274648, -0.04989398081675205, -0.16152778943108187, -0.16277415925304217, -0.07156047967755205, -0.16152778943108187, 0.3356524419939739, -0.4251041754276237, -0.24739683967308282, -0.16277415925304217, -0.4251041754276237, -0.029805729122096076]","[0.04944357523961025, 0.009360818645959766, -0.018750985887811034, 0.10909870381055069, 0.009360818645959766, 0.03729921077463968, -0.007033865824831615, 0.006685473611324784, -0.018750985887811034, -0.007033865824831615, 0.02303848907022287, -0.1560699342721277, 0.10909870381055069, 0.006685473611324784, -0.1560699342721277, 4.539034643434664]","[4.539034643434664, 0.10909870381055069, 0.006685473611324784, -0.1560699342721277, 0.06033769984486255, 0.07248206430983312, 0.08674278601424992, -0.009360818645959766, 0.018750985887811034, 0.007033865824831615]",4.539034643434664,"[0.024035662289635284, 0.0014728844647605335, -0.034383948687827244]","[0.05496155230291545, -0.009200128859991696, 0.014999741654080596, -0.009200128859991696, 0.06449350409708036, 0.006803992843226, 0.014999741654080596, 0.006803992843226, 0.0841106794830009]",-0.00636017451926227,15.432,True,True,0.02077850013373428,0.013765074244582998,0.7886806588988357,0.07974026750903467,0.06701335850871032,3.8395826135462054,152.62964746962746,152.49702869837333,6.985223576925837,True,null,0.011017407479574075,0.002,False,False,0.020073869386295226,0.03667591637304527,2.1013752179502476,0.08296170050314866,0.22384091660894995,12.825139804032643,149.04759814197013,148.95240502100754,6.799329532497066,True,null
51,0.9633238406054565,"[-0.7522332476614559, 0.2753001445161708, -0.016221691086954114, 0.19335883774831272, 0.2753001445161708, 0.0793011125903878, -0.16974925039768504, 0.023192431745157067, -0.016221691086954114, -0.16974925039768504, 0.26070693072246703, -0.1488305388156881, 0.19335883774831272, 0.023192431745157067, -0.1488305388156881, -0.1732051171947685]","[0.04408435555661615, 0.019103387951726784, -0.019816274227961485, 0.20928451163395206, 0.019103387951726784, 0.044678474702603915, -0.011956698451752623, 0.06672769557526073, -0.019816274227961485, -0.011956698451752623, 0.023430947944348048, -0.13919276296610222, 0.20928451163395206, 0.06672769557526073, -0.13919276296610222, 3.889817211044721]","[3.889817211044721, 0.20928451163395206, 0.06672769557526073, -0.13919276296610222, 0.06810942264695197, 0.0675153035009642, 0.08876283025922006, -0.019103387951726784, 0.019816274227961485, 0.011956698451752623]",3.889817211044721,"[0.05380317384573008, 0.017154455326536824, -0.03578388274155382]","[0.06198388786571151, -0.015513226146366077, 0.012327261804028787, -0.015513226146366077, 0.05127427502985206, 0.009568922417673393, 0.012327261804028787, 0.009568922417673393, 0.07635798202377127]",-0.011741826365690655,15.412,True,True,0.022101506537680005,0.014862921505500467,0.8515826734994043,0.07879375083209708,0.07611583017363185,4.3611158230836296,151.46890825774915,151.3340790325575,7.051970420977411,True,null,0.011351745116723426,0.0,False,False,0.02052299969735379,0.0334167292704715,1.9146375523292993,0.08388857153759073,0.1783047385004819,10.216108983261412,150.3689021954257,150.2695355758436,6.793067430337652,True,null
52,0.6400652787082084,"[-0.21170454070313766, -0.48994972240797785, -0.02783455443720229, -0.03260106639711974, -0.48994972240797785, 0.10054761483635354, -0.14579935340769196, 0.010878222072692388, -0.02783455443720229, -0.14579935340769196, 0.16322861930718116, 0.24371754307718901, -0.03260106639711974, 0.010878222072692388, 0.24371754307718901, 0.522592653614621]","[0.05862552148597258, -0.0060237494829299115, -0.016250663794664034, 0.17169279109179952, -0.0060237494829299115, 0.04105412886505358, -0.004324263441159758, 0.04499723310363913, -0.016250663794664034, -0.004324263441159758, 0.017490360245844768, -0.08606964732092776, 0.17169279109179952, 0.04499723310363913, -0.08606964732092776, 6.168022361270736]","[6.168022361270736, 0.17169279109179952, 0.04499723310363913, -0.08606964732092776, 0.05854448911089835, 0.07611588173181735, 0.09967965035102616, 0.0060237494829299115, 0.016250663794664034, 0.004324263441159758]",6.168022361270736,"[0.02783595470889755, 0.007295244807505659, -0.013954172387792008]","[0.05701519258367422, 0.007276290425628516, 0.013854832990027904, 0.007276290425628516, 0.07013561827906913, 0.0036963642934579165, 0.013854832990027904, 0.0036963642934579165, 0.09457215176319918]",-0.01770372696686916,13.692,True,True,0.04885502618161377,0.013139540756402897,0.7528402300820193,0.16070660282093777,0.07754568205346711,4.443040301127036,153.54909158000874,153.4349613610243,6.988532676794144,True,null,0.010584569213996128,11.512,False,False,0.019748353959394484,0.02325795656253315,1.3325827511317454,0.08185057974270732,0.11119100892580286,6.370775531249969,153.02638918068718,152.90875963268797,7.051012492843115,True,null
53,0.5736345959385298,"[0.009350374422371561, -0.25120360376969697, 0.07004066043730696, -0.31501579211367414, -0.25120360376969697, 0.05084584724815208, 0.12215522820877603, -0.10802686995274532, 0.07004066043730696, 0.12215522820877603, -0.41645557550561396, -0.17979705419401718, -0.31501579211367414, -0.10802686995274532, -0.17979705419401718, -0.6095628481514912]","[0.05934589349007433, -0.0011782868273688782, -0.013529216019307207, 0.04010355082166522, -0.0011782868273688782, 0.03797268743797697, -0.0010485173600952905, 0.005160101232037077, -0.013529216019307207, -0.0010485173600952905, 0.013503009652393339, -0.07687180759081585, 0.04010355082166522, 0.005160101232037077, -0.07687180759081585, 3.1520518362365313]","[3.1520518362365313, 0.04010355082166522, 0.005160101232037077, -0.07687180759081585, 0.051475697090370316, 0.07284890314246767, 0.0973185809280513, 0.0011782868273688782, 0.013529216019307207, 0.0010485173600952905]",3.1520518362365313,"[0.012722998511835334, 0.0016370610320286182, -0.024387862758817703]","[0.04959251059617497, 0.0012439387876650057, 0.012551176125727165, 0.0012439387876650057, 0.07046392663149725, 0.0009226735194267641, 0.012551176125727165, 0.0009226735194267641, 0.09679989610997966]",-0.0034118422614689203,15.452,True,True,0.0338196129681007,0.015516286468544438,0.8890177283635449,0.11317260301424546,0.12387329998896662,7.0974172837257345,153.25160473403957,153.11319715732552,7.02357372907695,True,null,0.008446651050393737,0.002,False,False,0.019757259026507407,0.03705332934822082,2.122999388561283,0.08190285428051797,0.24534709253116754,14.057352917841582,150.66862512540905,150.5640254400284,6.88104246304144,True,null
54,0.622121374705373,"[0.28031764603224096, 0.09329814151686423, -0.4310663983775909, -0.00678735374541888, 0.09329814151686423, -0.066217647405146, -0.43316025686116477, 0.13474473126495912, -0.4310663983775909, -0.43316025686116477, -0.27749078589629367, -0.08295627552735009, -0.00678735374541888, 0.13474473126495912, -0.08295627552735009, 0.15989688271010158]","[0.08666051746621044, 0.017305280072540064, -0.030370696984735074, 0.18418986201307624, 0.017305280072540064, 0.04007391344096876, -0.012701940230775442, 0.08481564807784762, -0.030370696984735074, -0.012701940230775442, 0.020772986255548322, -0.12958290747719542, 0.18418986201307624, 0.08481564807784762, -0.12958290747719542, 4.90112581296134]","[4.90112581296134, 0.18418986201307624, 0.08481564807784762, -0.12958290747719542, 0.06084689969651709, 0.10743350372175878, 0.1267344309071792, -0.017305280072540064, 0.030370696984735074, 0.012701940230775442]",4.90112581296134,"[0.03758113320126865, 0.01730533989834483, -0.026439416661066962]","[0.05595303959488948, -0.014117811904574546, 0.02550082447822692, -0.014117811904574546, 0.09708534350018001, 0.010459463971866806, 0.02550082447822692, 0.010459463971866806, 0.11834460354985694]",-0.0098309455095253,14.592,True,True,0.02430638712038413,0.01632477363224643,0.9353406306341715,0.08774108600822163,0.0648166220708629,3.7137188869549465,151.8737883339781,151.75049573085963,7.008198661282746,True,null,0.007299983238839917,14.722,False,False,0.019412408626884273,0.02169751382687928,1.24317596820693,0.08807087762063626,0.11234777194300301,6.437053170032357,149.90948590398088,149.78300464873647,6.576480129246074,True,null
55,0.8832862246571953,"[-0.01956879952605753, -0.22003764014011076, -0.10043586729917885, -0.11124819812326184, -0.22003764014011076, -0.21265907408019974, 0.412759543570187, -0.13089313846927733, -0.10043586729917885, 0.412759543570187, -0.01611275555564212, -0.3387886397987061, -0.11124819812326184, -0.13089313846927733, -0.3387886397987061, -0.4558629062227569]","[0.06472992302138808, -0.006219823575613528, -0.02135666204596076, 0.10358806798463552, -0.006219823575613528, 0.031382003788598636, 0.005960599608203148, -0.02542663776680238, -0.02135666204596076, 0.005960599608203148, 0.020340695427717742, -0.1304336221132221, 0.10358806798463552, -0.02542663776680238, -0.1304336221132221, 3.165736173412752]","[3.165736173412752, 0.10358806798463552, -0.02542663776680238, -0.1304336221132221, 0.05172269921631638, 0.08507061844910582, 0.09611192680998672, 0.006219823575613528, 0.02135666204596076, -0.005960599608203148]",3.165736173412752,"[0.032721636393649535, -0.00803182462908517, -0.04120167157600218]","[0.046144393660088795, 0.0053878223798951835, 0.017088660489665224, 0.0053878223798951835, 0.07630696409301457, -0.004912979629653383, 0.017088660489665224, -0.004912979629653383, 0.09251813341922259]",-0.005816604441235589,14.672,True,True,0.0333203433173368,0.013883531815121256,0.7954677777420511,0.1106756680142893,0.059473889498746914,3.407602859505625,153.7976775461207,153.65947202470437,7.020972148948753,True,null,0.008927837807545684,0.0,False,False,0.019783572488825663,0.04317733138627999,2.4738788590715877,0.08199027551330908,0.25034442089744313,14.34367874207018,149.45553029301104,149.34498215315892,6.789837912288516,True,null
56,0.8495907109593739,"[-0.3480940945598745, -0.03952484253408765, 0.02822951134329484, 0.1277053634239758, -0.03952484253408765, -0.18771409940532913, -0.015756828342660664, 0.05698821016065388, 0.02822951134329484, -0.015756828342660664, 0.40503285931741284, -0.48776826067844137, 0.1277053634239758, 0.05698821016065388, -0.48776826067844137, -0.3992231515024951]","[0.05484125537542111, 0.006687488854272544, -0.02221333241709132, 0.20012475487863207, 0.006687488854272544, 0.03267041084971825, -0.006246481127439257, 0.05853702254112532, -0.02221333241709132, -0.006246481127439257, 0.027786375018012135, -0.19606791960396036, 0.20012475487863207, 0.05853702254112532, -0.19606791960396036, 3.604003494967808]","[3.604003494967808, 0.20012475487863207, 0.05853702254112532, -0.19606791960396036, 0.060456785867730393, 0.08262763039343325, 0.08751166622513937, -0.006687488854272544, 0.02221333241709132, 0.006246481127439257]",3.604003494967808,"[0.0555284574940235, 0.016242221358236553, -0.05440281061817108]","[0.048839368691452306, -0.003437018286270972, 0.01132598327742119, -0.003437018286270972, 0.06084836555014021, 0.003061902575982805, 0.01132598327742119, 0.003061902575982805, 0.07544827600259434]",-0.0034205982604341803,14.682,True,True,0.025660766012423075,0.0190155001417516,1.0895079034527855,0.07760070457574615,0.12960626009555481,7.425891701950109,152.67243612619995,152.5424306452545,6.947641572784752,True,null,0.012784761595728849,0.002,False,False,0.020627313391385432,0.05646981419226049,3.2354820231044843,0.07954950984939362,0.3409340234736176,19.53408063745243,149.8183968436325,149.72248440470247,6.892177642559839,True,null
57,0.9706708817774277,"[0.17022478501507657, 0.41220673149922277, 0.12537562669642602, -0.04908454780445126, 0.41220673149922277, -0.016259280099807635, -0.22060373132300132, 0.19775938775680166, 0.12537562669642602, -0.22060373132300132, -0.5313873008695532, -0.10442538503276294, -0.04908454780445126, 0.19775938775680166, -0.10442538503276294, 0.3390314869480732]","[0.08435676826927717, 0.0333080678047776, -0.020751962695888596, 0.2165308767098173, 0.0333080678047776, 0.046221218299030246, -0.013911897548369159, 0.154632459762441, -0.020751962695888596, -0.013911897548369159, 0.014729147026712748, -0.16732475817928633, 0.2165308767098173, 0.154632459762441, -0.16732475817928633, 6.2722991204160845]","[6.2722991204160845, 0.2165308767098173, 0.154632459762441, -0.16732475817928633, 0.06095036532574298, 0.0990859152959899, 0.1305779865683074, -0.0333080678047776, 0.020751962695888596, 0.013911897548369159]",6.2722991204160845,"[0.03452177145139936, 0.024653234291572367, -0.026676782303741046]","[0.052674488918162454, -0.027969881369890905, 0.014975615635862607, -0.027969881369890905, 0.08714719971006751, 0.009786801082194523, 0.014975615635862607, 0.009786801082194523, 0.11929076687075436]",-0.0024237094013574326,15.612,True,True,0.051160458844558394,0.025952150461607367,1.4869486907385934,0.16969772571652528,0.11153007348505958,6.390202499477843,152.57385489882716,152.44464724855322,7.289967065329519,True,null,0.006475768456498744,14.742,False,False,0.020084915593257577,0.025436186240336833,1.4573861184800376,0.08896902645336567,0.09673773363326607,5.542663856846901,149.07033685064476,148.94270607301144,6.635459744247162,True,null
58,0.5703310009337182,"[-0.909955306865642, 0.032230595564219734, -0.009446977749936806, 0.1535890981524717, 0.032230595564219734, -0.2485331367467614, -0.049911241934370736, -0.13099067344641108, -0.009446977749936806, -0.049911241934370736, -0.006252309959901944, 0.06927040333020124, 0.1535890981524717, -0.13099067344641108, 0.06927040333020124, -0.1088211275790878]","[0.042957239430937724, 0.005864968641386321, -0.014312842148630638, 0.16489884644413824, 0.005864968641386321, 0.03263108320265285, -0.004047518364455948, 0.009122228178812204, -0.014312842148630638, -0.004047518364455948, 0.0161716559822413, -0.0874013184147671, 0.16489884644413824, 0.009122228178812204, -0.0874013184147671, 4.164246537293714]","[4.164246537293714, 0.16489884644413824, 0.009122228178812204, -0.0874013184147671, 0.04880273918489415, 0.059128895413179026, 0.07558832263359058, -0.005864968641386321, 0.014312842148630638, 0.004047518364455948]",4.164246537293714,"[0.03959872331461521, 0.0021906071355565354, -0.0209885071962065]","[0.0469483327662472, -0.00550374005172075, 0.010851861523391692, -0.00550374005172075, 0.0507646884174321, 0.0038560564126795104, 0.010851861523391692, 0.0038560564126795104, 0.06903855562020925]",-0.008250969660187709,15.442,True,True,0.02025043371340451,0.011776052496460942,0.6747181073717088,0.08081866013683703,0.05423045817475149,3.1071763744739944,152.6231122501672,152.4829907414705,7.026033335564385,True,null,0.009792471691600621,11.082,False,False,0.020144875119686555,0.021342907530585833,1.2228585240405503,0.08235718290154634,0.09212722297193225,5.278501054552403,152.0652701861516,151.95578114496323,7.00540951737141,True,null
59,0.619201708512761,"[-0.4996156093675964, -0.36433777460488137, 0.06547695525526974, -0.2973947591097039, -0.36433777460488137, -0.031160805445292213, -0.0371234087796102, -0.21169013570145687, 0.06547695525526974, -0.0371234087796102, -0.0905977265747489, -0.24755446745189377, -0.2973947591097039, -0.21169013570145687, -0.24755446745189377, -0.2744291737490739]","[0.044904960261143816, -0.0039198241588579655, -0.012441834547664413, 0.06693154488100211, -0.0039198241588579655, 0.03649875171082482, -0.0022327297825075207, -0.011357294387120988, -0.012441834547664413, -0.0022327297825075207, 0.016145489526404128, -0.10492465637407052, 0.06693154488100211, -0.011357294387120988, -0.10492465637407052, 3.824283563038646]","[3.824283563038646, 0.06693154488100211, -0.011357294387120988, -0.10492465637407052, 0.052644241237228946, 0.06105044978754794, 0.08140371197196863, 0.0039198241588579655, 0.012441834547664413, 0.0022327297825075207]",3.824283563038646,"[0.017501721244703044, -0.0029697835424360814, -0.02743642165768193]","[0.04973175541670509, 0.0037210519584005433, 0.010605472460109176, 0.0037210519584005433, 0.05700027543199693, 0.0025443333002029963, 0.010605472460109176, 0.0025443333002029963, 0.08019856602502654]",-0.0053453521250290655,12.402000000000001,True,True,0.022984276841043275,0.015107572563730503,0.8656001465893948,0.08112262187629747,0.10361830797705358,5.936891727371921,153.1212864381503,152.9833871175201,6.99963294169406,True,null,0.009466125429355786,0.002,False,False,0.0197637553093224,0.0378910349617367,2.17099638469016,0.07975043685666253,0.208390281545073,11.93988362407565,151.7165110983117,151.60947675273664,6.969259979729331,True,null
60,0.8834448925787872,"[0.2611725751927047, 0.15147734496343554, 0.1339274393841588, 0.17748875925154595, 0.15147734496343554, -0.2571532834628806, 0.012072871653951104, 0.5405744630057068, 0.1339274393841588, 0.012072871653951104, 0.2014368201560673, -0.20553101948571625, 0.17748875925154595, 0.5405744630057068, -0.20553101948571625, 0.10534165515977059]","[0.09111633850659341, 0.024115926323674333, -0.024823670302434816, 0.33022253746713137, 0.024115926323674333, 0.03875869400192792, -0.011478711967928747, 0.2539328528982522, -0.024823670302434816, -0.011478711967928747, 0.023276186573956976, -0.20160386503653668, 0.33022253746713137, 0.2539328528982522, -0.20160386503653668, 5.614069142830224]","[5.614069142830224, 0.33022253746713137, 0.2539328528982522, -0.20160386503653668, 0.062034880575884896, 0.1143925250805504, 0.12987503250852134, -0.024115926323674333, 0.024823670302434816, 0.011478711967928747]",5.614069142830224,"[0.05882053267706213, 0.045231515045116966, -0.035910470624325445]","[0.043309423246423104, -0.00917946065199308, 0.012965223571231185, -0.00917946065199308, 0.0877289698516176, 0.0023598637133749063, 0.012965223571231185, 0.0023598637133749063, 0.09896539929641679]",0.0024942996595147884,14.622,False,False,0.03692645700499934,0.03868139292032599,2.2162805600219015,0.11750034480424476,0.20415112372625743,11.696997772367634,151.26964021950695,151.14575250394202,7.114392480222876,True,null,0.013150319284841774,0.0,False,False,0.019786841536735336,0.039382359701124636,2.256442998140536,0.08522923283521919,0.2598723680345181,14.88958990044833,148.91084609340265,148.79263400991974,6.854741075173281,True,null
61,0.9393474816779113,"[0.6921847451298251, 0.15505087002965293, -0.3831836039780094, -0.19009990400516583, 0.15505087002965293, 0.020739927292754506, -0.18590229785182666, 0.10300877415625756, -0.3831836039780094, -0.18590229785182666, -0.08254945899367419, -0.0033945034821477147, -0.19009990400516583, 0.10300877415625756, -0.0033945034821477147, -0.09620234624680356]","[0.13290238538914714, 0.025669361217096967, -0.04233458773609573, 0.04333114206871673, 0.025669361217096967, 0.04264570481150961, -0.013170541492274347, 0.06530511839338096, -0.04233458773609573, -0.013170541492274347, 0.023941075149009623, -0.07428262328668797, 0.04333114206871673, 0.06530511839338096, -0.07428262328668797, 4.060669478675247]","[4.060669478675247, 0.04333114206871673, 0.06530511839338096, -0.07428262328668797, 0.06658677996051923, 0.15684346053815676, 0.17554809020065676, -0.025669361217096967, 0.04233458773609573, 0.013170541492274347]",4.060669478675247,"[0.010670935493832186, 0.016082352611147783, -0.01829319615319244]","[0.06417765342064705, -0.024972494511304125, 0.04154192265469085, -0.024972494511304125, 0.15502221011771034, 0.011975902151696773, 0.04154192265469085, 0.011975902151696773, 0.1740354464374523]",-0.004219564349295345,14.602,True,True,0.02028789382786913,0.02665338175069871,1.5271262840660453,0.0727134292690788,0.11243914109003326,6.442288236534901,151.65632146829995,151.5345885147238,7.029402332847281,True,null,0.008200100539511855,16.772000000000002,False,False,0.019142979150201567,0.03766865711021925,2.158255072341023,0.08918920431331348,0.14615485773409922,8.374056503498863,154.36477731134062,154.2296729582568,6.940635878332868,True,null
62,0.9792768845350333,"[0.07099561764403606, 0.14156447674103206, 0.28297669512357443, -0.21722874911143078, 0.14156447674103206, 0.06816552324451212, 0.25734423858462147, -0.15350484564252787, 0.28297669512357443, 0.25734423858462147, 0.03503298335502328, 0.37034145359225856, -0.21722874911143078, -0.15350484564252787, 0.37034145359225856, -0.4905010894603474]","[0.061580805990050426, 0.012011130696929105, -0.006305967465645703, 0.004813725021190186, 0.012011130696929105, 0.041489624498320325, 0.0019694877035165677, -0.023899045791378082, -0.006305967465645703, 0.0019694877035165677, 0.012403689260081419, 0.012136806451525251, 0.004813725021190186, -0.023899045791378082, 0.012136806451525251, 2.9237845938230627]","[2.9237845938230627, 0.004813725021190186, -0.023899045791378082, 0.012136806451525251, 0.05389331375840175, 0.07398449525013184, 0.10307043048837075, -0.012011130696929105, 0.006305967465645703, -0.0019694877035165677]",2.9237845938230627,"[0.0016464020746808465, -0.008174010439027702, 0.0041510604020440125]","[0.05364758209195203, -0.012050478135502923, 0.006325949528967495, -0.012050478135502923, 0.07392618930660182, -0.002068694086147794, 0.006325949528967495, -0.002068694086147794, 0.1028671541117274]",-0.004407580745420873,11.262,True,True,0.03906070747192776,0.025043488435288617,1.4348861916267237,0.13921717750052603,0.16144368565122222,9.2500418168518,152.9823503744754,152.84921935508586,7.227748759791415,True,null,0.011091558132054714,0.0,False,False,0.02117086281051207,0.058063998607705024,3.326822061874986,0.0842080834601221,0.3567783832295687,20.441895580555354,153.61171280195825,153.4973841854712,7.069891678794525,True,null
63,0.6496784402150504,"[-0.03615493524628351, 0.28268659085642783, 0.3718176284163095, 0.07025673865279167, 0.28268659085642783, -0.11095076038273792, 0.20471350802704172, -0.4380448732649393, 0.3718176284163095, 0.20471350802704172, -0.17083861791243568, 0.1308551049857672, 0.07025673865279167, -0.4380448732649393, 0.1308551049857672, -0.09579563025778924]","[0.06252209086378668, 0.011279736631065917, -0.010368101446014334, 0.14603505275537298, 0.011279736631065917, 0.03628492692403525, -4.9499946440472124e-05, -0.0689531603619036, -0.010368101446014334, -4.9499946440472124e-05, 0.012954538651497562, -0.07475080932625672, 0.14603505275537298, -0.0689531603619036, -0.07475080932625672, 4.289053846827526]","[4.289053846827526, 0.14603505275537298, -0.0689531603619036, -0.07475080932625672, 0.049239465575532826, 0.07547662951528425, 0.09880701778782194, -0.011279736631065917, 0.010368101446014334, 4.9499946440472124e-05]",4.289053846827526,"[0.03404831414354715, -0.01607654341129478, -0.01742827485869581]","[0.04682815944878075, -0.013627475496258394, 0.007822962407589552, -0.013627475496258394, 0.06920160451225187, 0.0012512345776034572, 0.007822962407589552, 0.0012512345776034572, 0.0927262419597334]",-0.003741711491687154,15.452,True,True,0.02019217646967188,0.01653821424604708,0.9475698769816305,0.08294040845939987,0.07083802191604158,4.058719684844411,153.10520532315113,152.96909320912286,7.1749452073678945,True,null,0.010284403107860461,14.802,False,False,0.020331304533473052,0.021910482551124454,1.255378177274464,0.0844767516102546,0.10426360849209874,5.973864723401627,150.44356640593327,150.33999371172774,6.9800577052415225,True,null
64,0.9910571267293078,"[0.24641729635232348, -0.29076835699440623, -0.33213834361479594, 0.34624815413047366, -0.29076835699440623, 0.04570945123253123, 0.08420726973344053, -0.22002475478422548, -0.33213834361479594, 0.08420726973344053, -0.06385825570131934, 0.07991394068276589, 0.34624815413047366, -0.22002475478422548, 0.07991394068276589, -0.4240701516876042]","[0.10709493659741261, -0.0111868585029581, -0.036431805247437075, 0.3027461561014207, -0.0111868585029581, 0.03871818828982861, 0.0023738565020983617, -0.061796261396981335, -0.036431805247437075, 0.0023738565020983617, 0.021681529796076737, -0.10586519042140019, 0.3027461561014207, -0.061796261396981335, -0.10586519042140019, 3.3026152368993054]","[3.3026152368993054, 0.3027461561014207, -0.061796261396981335, -0.10586519042140019, 0.06039971808590534, 0.12877646639348933, 0.1458131248872412, 0.0111868585029581, 0.036431805247437075, -0.0023738565020983617]",3.3026152368993054,"[0.09166861241325135, -0.018711311177441122, -0.032054957307346775]","[0.05584992485001181, 0.005522080968370252, 0.026727290138642692, 0.005522080968370252, 0.09763064219093438, -0.00039297998126448363, 0.026727290138642692, -0.00039297998126448363, 0.11690451576737698]",-0.006130960572633467,14.632,True,True,0.030559689179610508,0.02505722091081006,1.435673004516369,0.10149656037823662,0.16121697791697284,9.237052420496338,154.31004939037075,154.182510081442,6.989773702422618,True,null,0.008155271354292669,14.732000000000001,False,False,0.02036968389407711,0.047532983319333644,2.7234393318635606,0.08432530164969206,0.29217561474898646,16.74042960175721,153.25253341549472,153.13690220293054,6.719435506750999,True,null
65,0.9706912058800261,"[0.24350476017897663, -0.11105397147341747, 0.0670336355683767, -0.11705574653867531, -0.11105397147341747, 0.3063794490618149, -0.1556553567585316, 0.3361995459414739, 0.0670336355683767, -0.1556553567585316, -0.6874944818846603, 0.10451322811139233, -0.11705574653867531, 0.3361995459414739, 0.10451322811139233, -0.12949070133448248]","[0.07488143512020477, 0.005960866276070734, -0.014693390440952935, 0.07928162922989594, 0.005960866276070734, 0.055463693233711274, -0.00893862315002135, 0.1796798710459634, -0.014693390440952935, -0.00893862315002135, 0.01016447729643888, -0.07562412597278552, 0.07928162922989594, 0.1796798710459634, -0.07562412597278552, 4.142461523975215]","[4.142461523975215, 0.07928162922989594, 0.1796798710459634, -0.07562412597278552, 0.06562817053015015, 0.08504591241664364, 0.13034512835391604, -0.005960866276070734, 0.014693390440952935, 0.00893862315002135]",4.142461523975215,"[0.01913877262855424, 0.04337514543129368, -0.01825584270007042]","[0.05645394784436591, -0.0025220140781940944, 0.01324603748872665, -0.0025220140781940944, 0.08214797719310184, 0.0056584156878373044, 0.01324603748872665, 0.0056584156878373044, 0.12103413474076896]",-0.011520260111508114,13.762,True,True,0.019918824231231078,0.02015204066123183,1.1546268784646085,0.07670540538696978,0.09166992039245928,5.252299546788156,152.35297057701578,152.22424139671435,7.063978759993694,True,null,0.0055541037331340165,14.752,False,False,0.01949563527037484,0.027326814482474097,1.5657111373827406,0.08385659088808262,0.14164762742122078,8.115811229277499,151.94403060000616,151.82997957390762,6.937039053091321,True,null
66,0.5327929650002138,"[-0.019293001419820485, -0.2943244766625471, 0.12292886637557392, -0.3323268424338293, -0.2943244766625471, -0.6657786360450031, 0.018422049350153454, 0.10518986757516656, 0.12292886637557392, 0.018422049350153454, 0.32218231059805674, -0.018343650406921538, -0.3323268424338293, 0.10518986757516656, -0.018343650406921538, -0.06873528502722252]","[0.05874167162780492, 1.656188637719082e-05, -0.014324837011534886, 0.057832175412519934, 1.656188637719082e-05, 0.02661153749044028, -0.0030374571479476822, 0.05314708501918042, -0.014324837011534886, -0.0030374571479476822, 0.018383859708916518, -0.08577729801083989, 0.057832175412519934, 0.05314708501918042, -0.08577729801083989, 4.272986286147811]","[4.272986286147811, 0.057832175412519934, 0.05314708501918042, -0.08577729801083989, 0.044995397199356794, 0.07712553133672144, 0.0853532091182452, -1.656188637719082e-05, 0.014324837011534886, 0.0030374571479476822]",4.272986286147811,"[0.01353436953448706, 0.012437925483513232, -0.0200743209237327]","[0.04261243670798203, 0.0007027504019531982, 0.013163895362586357, 0.0007027504019531982, 0.07462088829546486, 0.001970565507111748, 0.013163895362586357, 0.001970565507111748, 0.08390944760209437]",-0.002092753662847505,13.772,True,True,0.019793295753825123,0.013778923060624735,0.7894741376092802,0.07951006286893292,0.10638264536532747,6.095276592870232,152.84868349791665,152.71469370009874,7.0171676982306455,True,null,0.012496207468094558,0.002,False,False,0.019741159568084615,0.029867411331000317,1.7112766142475309,0.08289757679264072,0.1922631069743554,11.015864585702827,151.012241654436,150.8979859066329,7.037745360347666,True,null
67,0.6348380402842277,"[0.41654313569684626, -0.2424445079853545, -0.26373329344061575, -0.16875388009930334, -0.2424445079853545, 0.3328347340016086, -0.13388897377850625, 0.2207145296792682, -0.26373329344061575, -0.13388897377850625, 0.13688527209006798, 0.34847384225618167, -0.16875388009930334, 0.2207145296792682, 0.34847384225618167, 0.08485278896677194]","[0.08321782429314904, 0.002214923039821338, -0.02415504909123691, 0.07004462900541499, 0.002214923039821338, 0.04783963466105165, -0.0062794980410675934, 0.09605717350657067, -0.02415504909123691, -0.0062794980410675934, 0.01894124706423095, -0.03964576137989219, 0.07004462900541499, 0.09605717350657067, -0.03964576137989219, 4.764131003719959]","[4.764131003719959, 0.07004462900541499, 0.09605717350657067, -0.03964576137989219, 0.06678088172528258, 0.10215907135737998, 0.13105745895420068, -0.002214923039821338, 0.02415504909123691, 0.0062794980410675934]",4.764131003719959,"[0.014702498514571134, 0.02016258021275374, -0.008321719396241567]","[0.06451420035799213, -0.0008026425890270809, 0.023572157343440002, -0.0008026425890270809, 0.10079931940202036, 0.005480137197149823, 0.023572157343440002, 0.005480137197149823, 0.12809086743445824]",-0.005880453845454149,13.742,True,True,0.022300091297620325,0.016611071276754336,0.9517442773490113,0.085987135009669,0.08674761047727472,4.970271963192682,152.3797200140388,152.25457093972034,6.98977265696775,True,null,0.010096137532291235,14.722,False,False,0.019253102725178585,0.02989923454933462,1.7130999503486097,0.08524422309123418,0.13194021841126366,7.559617662999687,152.57825706869227,152.45380345748478,6.689517454588364,True,null
68,0.6970288010546699,"[-0.02385681090524732, -0.08121263415609156, -0.012722848360636686, -0.0399541400193577, -0.08121263415609156, -0.41091303146778296, -0.0643626363994878, 0.15144114604976816, -0.012722848360636686, -0.0643626363994878, 0.6587555598030417, -0.3770308145444, -0.0399541400193577, 0.15144114604976816, -0.3770308145444, 0.203609046297779]","[0.06716670497693249, 0.0071052249692400305, -0.02465862680722522, 0.19789619333060832, 0.0071052249692400305, 0.029649715481422218, -0.007628996751856239, 0.09455202267896098, -0.02465862680722522, -0.007628996751856239, 0.029742576731701595, -0.20840956321511278, 0.19789619333060832, 0.09455202267896098, -0.20840956321511278, 5.356032555608605]","[5.356032555608605, 0.19789619333060832, 0.09455202267896098, -0.20840956321511278, 0.05939229221312382, 0.0969092817086341, 0.09681642045835472, -0.0071052249692400305, 0.02465862680722522, 0.007628996751856239]",5.356032555608605,"[0.03694828051845577, 0.017653369671913253, -0.03891118305412004]","[0.04961366773905254, -0.0036116903117103883, 0.01695825180282439, -0.0036116903117103883, 0.08148789497942777, 0.0039498656892578785, 0.01695825180282439, 0.0039498656892578785, 0.08783533458406202]",-0.0012450813515555677,13.772,True,True,0.03197082570816331,0.023251143085842585,1.3321923676735652,0.09661496816449078,0.15724763367141542,9.009625747791357,151.9814489126519,151.86285018223026,6.976321910808125,True,null,0.014733669236645115,0.0,False,False,0.01992618840442983,0.03182569805719001,1.8234781787346912,0.0840090502687141,0.19553655656436336,11.203419431659112,148.98955311358225,148.87871307843903,6.919589307871586,True,null
69,0.7142852558983469,"[0.44526047371253136, 0.03185434431174558, -0.304139771331579, 0.21513350728788525, 0.03185434431174558, 0.2660413585453101, -0.06632918195240367, -0.25059033689622817, -0.304139771331579, -0.06632918195240367, 0.478442709095777, 0.15322641562909536, 0.21513350728788525, -0.25059033689622817, 0.15322641562909536, -0.20276736728059783]","[0.1006077530477913, 0.010384506485715705, -0.034175230684111255, 0.21214897526882465, 0.010384506485715705, 0.04576070764907941, -0.006444036088477349, -0.0367011099806072, -0.034175230684111255, -0.006444036088477349, 0.02612540039525597, -0.07871200651102389, 0.21214897526882465, -0.0367011099806072, -0.07871200651102389, 3.960958234127289]","[3.960958234127289, 0.21214897526882465, -0.0367011099806072, -0.07871200651102389, 0.07188610804433536, 0.12673315344304725, 0.1463684606968707, -0.010384506485715705, 0.034175230684111255, 0.006444036088477349]",3.960958234127289,"[0.053560013190991664, -0.00926571496371597, -0.019871960737391208]","[0.0699818841174547, -0.012350218420401063, 0.029959414577091392, -0.012350218420401063, 0.1138062896262453, 0.0071733591050306515, 0.029959414577091392, 0.0071733591050306515, 0.1346656967590848]",-0.007470866441767509,14.602,True,True,0.021234378732221733,0.018978530276274653,1.0873896861917898,0.07515897767146505,0.06945378988875955,3.979409031814314,152.9346072896497,152.80957717653504,6.994578223684572,True,null,0.012562533619827116,17.332,False,False,0.019393089283964153,0.02910183482102382,1.6674123113315222,0.08794250005180858,0.11781064101744382,6.750052512030353,151.98015802689696,151.85024754091475,6.557338496472443,True,null
70,0.5367450069053419,"[0.5083474447616738, -0.17156294868789268, -0.30873730670527566, 0.10018591545974002, -0.17156294868789268, 0.00851946986693742, -0.03389276567073159, -0.04441640328152421, -0.30873730670527566, -0.03389276567073159, -0.009795692067185023, 0.061644580037460844, 0.10018591545974002, -0.04441640328152421, 0.061644580037460844, -0.6767507531777159]","[0.08845524333839755, 0.0039139188256323044, -0.026484966027800427, 0.14046577657417453, 0.0039139188256323044, 0.03751088149128542, -0.004012079417756578, 0.018633651838052167, -0.026484966027800427, -0.004012079417756578, 0.01902459024923781, -0.07189130973009912, 0.14046577657417453, 0.018633651838052167, -0.07189130973009912, 3.077083038502612]","[3.077083038502612, 0.14046577657417453, 0.018633651838052167, -0.07189130973009912, 0.05653547174052323, 0.10747983358763535, 0.12596612482968297, -0.0039139188256323044, 0.026484966027800427, 0.004012079417756578]",3.077083038502612,"[0.045649004208391075, 0.006055622030635801, -0.023363461054038793]","[0.054743003572938514, -0.003063311174459367, 0.023203199327384388, -0.003063311174459367, 0.09938808094666293, 0.0035767328187437273, 0.023203199327384388, 0.0035767328187437273, 0.11944116365113186]",-0.0054604052402063745,14.622,True,True,0.03510269173685671,0.011916537094442993,0.6827672819226723,0.12013377667528975,0.05380738014628092,3.082935789037915,153.71477880501487,153.58581634798668,6.969424072586232,True,null,0.009633940544263224,14.732000000000001,False,False,0.019819880095407343,0.02065838419367879,1.1836382258575648,0.08568548925632541,0.10832445964284648,6.206534355570317,151.4119128154975,151.29001856899416,6.6891596808284595,True,null
71,0.5738503424250505,"[-0.009638280853395036, 0.26343269865812735, 0.3127858571448502, 0.20109551600783168, 0.26343269865812735, -0.25355575487838145, -0.06472253634400642, 0.447923213078695, 0.3127858571448502, -0.06472253634400642, 0.2694651140913652, -0.1184593930579765, 0.20109551600783168, 0.447923213078695, -0.1184593930579765, 0.09974509972104496]","[0.069769023714295, 0.018399173997182664, -0.017132532658196583, 0.24532249244882784, 0.018399173997182664, 0.03694415147861624, -0.008733644194718638, 0.15350367531645165, -0.017132532658196583, -0.008733644194718638, 0.0196787037886003, -0.14215787755189058, 0.24532249244882784, 0.15350367531645165, -0.14215787755189058, 4.911556025443485]","[4.911556025443485, 0.24532249244882784, 0.15350367531645165, -0.14215787755189058, 0.056622855267216526, 0.08944772750289529, 0.10671317519291122, -0.018399173997182664, 0.017132532658196583, 0.008733644194718638]",4.911556025443485,"[0.04994801874965412, 0.031253573108247536, -0.028943552066894026]","[0.047710762997686826, -0.01073196954433572, 0.010032028324823718, -0.01073196954433572, 0.07307980111970706, 0.0042907025757373245, 0.010032028324823718, 0.0042907025757373245, 0.08966226440147787]",-0.00033158939131693987,13.812000000000001,True,True,0.02445624081281107,0.021440223074341697,1.228434293978782,0.08775485636566854,0.11298630126000542,6.473638204991966,151.53947429836535,151.41365675472863,7.144413160059647,True,null,0.013082414593112282,14.792,False,False,0.02001932331270382,0.026160508890830866,1.4988867493590752,0.08429122609441589,0.16680299744764396,9.557107763881442,149.4706241112138,149.36710617518503,6.951888760306613,True,null
72,0.7531973203366261,"[0.618206761109819, 0.009463688438362192, -0.023740090439101334, 0.1176594077485526, 0.009463688438362192, -0.4896150739774425, 0.0616359765814929, 0.20163257618206307, -0.023740090439101334, 0.0616359765814929, -0.5057787419160574, -0.04409223427058401, 0.1176594077485526, 0.20163257618206307, -0.04409223427058401, -0.022224671173867602]","[0.1042521787495018, 0.011148728757714402, -0.02505181253200976, 0.22302350356691825, 0.011148728757714402, 0.027514164579711724, -0.004577853765393914, 0.09193113676635237, -0.02505181253200976, -0.004577853765393914, 0.014869175601531438, -0.11772394014201704, 0.22302350356691825, 0.09193113676635237, -0.11772394014201704, 4.434729263998878]","[4.434729263998878, 0.22302350356691825, 0.09193113676635237, -0.11772394014201704, 0.04238334018124318, 0.11912135435103324, 0.13176634332921353, -0.011148728757714402, 0.02505181253200976, 0.004577853765393914]",4.434729263998878,"[0.05029021847566266, 0.020729819408063788, -0.026545913658743436]","[0.037352534767521615, -0.006525491805018517, 0.01913144986245189, -0.006525491805018517, 0.10478036408086813, 0.0021374577462441894, 0.01913144986245189, 0.0021374577462441894, 0.11864472674648098]",0.0007580782142780424,14.632,False,False,0.0197962320176152,0.01737058247702838,0.9952610636176296,0.07779503165198111,0.07731171725366691,4.429635105543862,152.17507774999052,152.0529761754157,7.062614823930801,True,null,0.007430487062421944,14.732000000000001,False,False,0.01932526212545564,0.025003017458702613,1.4325673754755728,0.08565764453850068,0.11157000897567693,6.392490634543001,151.40661320167942,151.28578718383494,6.720450662592295,True,null
73,0.873839589387996,"[-0.19333219558935044, -0.34370870788704316, -0.10341760675946587, -0.020532978167161712, -0.34370870788704316, -0.30157934844692963, -0.3745834444578036, -0.2940933759559178, -0.10341760675946587, -0.3745834444578036, -0.028627731611709662, -0.0686567191860683, -0.020532978167161712, -0.2940933759559178, -0.0686567191860683, -0.3864106874059827]","[0.05705665035253458, -0.004581630033072871, -0.017436509463551363, 0.11777326265034377, -0.004581630033072871, 0.031602540520743794, -0.006771060596169522, -0.0477813252703856, -0.017436509463551363, -0.006771060596169522, 0.01770890809232253, -0.0766776617057581, 0.11777326265034377, -0.0477813252703856, -0.0766776617057581, 3.2407204621836945]","[3.2407204621836945, 0.11777326265034377, -0.0477813252703856, -0.0766776617057581, 0.04931144861306632, 0.0747655584448571, 0.08865919087327837, 0.004581630033072871, 0.017436509463551363, 0.006771060596169522]",3.2407204621836945,"[0.03634169130742755, -0.014744044056854295, -0.023660683666029744]","[0.04679271275031408, 0.0028451758598367306, 0.014649913551665344, 0.0028451758598367306, 0.06867123299147894, 0.00790159941853579, 0.014649913551665344, 0.00790159941853579, 0.08367462135288953]",-0.006188650946627275,15.442,True,True,0.03219941674235207,0.015099107173027761,0.8651151154301984,0.10712217205546504,0.048945378233088185,2.8043635994274396,153.3397430890739,153.2013230225093,6.919316648968615,True,null,0.0077369533988818455,0.002,False,False,0.019940282318009796,0.024160249453841903,1.3842803256883933,0.08146072792796291,0.12070206163869876,6.915718710425356,150.9927486391108,150.8782491714809,6.955312731728298,True,null
74,0.628057842787572,"[0.011764274823486087, -0.1915583176767041, 0.304646322765328, 0.3268310892326888, -0.1915583176767041, 0.24552023299638015, 0.10168737202365452, -0.11400414148784684, 0.304646322765328, 0.10168737202365452, -0.5867877468691189, 0.19479312949888217, 0.3268310892326888, -0.11400414148784684, 0.19479312949888217, -0.00729622309886465]","[0.06963535872934115, 0.0005887668531889669, -0.013400073151722574, 0.2527707342291095, 0.0005887668531889669, 0.043016698946046816, -0.0013455701660029817, 0.005193308177784394, -0.013400073151722574, -0.0013455701660029817, 0.01113981167155181, -0.08708068810977726, 0.2527707342291095, 0.005193308177784394, -0.08708068810977726, 4.549253211922199]","[4.549253211922199, 0.2527707342291095, 0.005193308177784394, -0.08708068810977726, 0.05415651061759863, 0.08077517040089296, 0.11265205767538797, -0.0005887668531889669, 0.013400073151722574, 0.0013455701660029817]",4.549253211922199,"[0.05556312705713431, 0.0011415737783454928, -0.019141754493147457]","[0.052483704920268305, -0.00030021041105987795, 0.008561597814056335, -0.00030021041105987795, 0.06506356082570412, 0.001246161135856578, 0.008561597814056335, 0.001246161135856578, 0.0986013967086522]",-0.00325152609632728,13.722,True,True,0.020722023297082882,0.014403300056892237,0.8252483043204637,0.08004830853139784,0.1187451460466613,6.803595706138265,153.21400421557965,153.08746583388603,7.061301109186965,True,null,0.007894943690720309,0.002,False,False,0.01987743641767581,0.03265531848728872,1.8710119279771753,0.08194696565788753,0.19951186409414326,11.431187775382078,152.67014475698073,152.56391750729654,7.060544796583884,True,null
75,0.6982718166946593,"[0.11340542950884835, 0.15066910100857522, -0.07134183115129496, -0.20966491195132117, 0.15066910100857522, -0.01653724336905543, -0.0761312637466998, 0.2951319678329428, -0.07134183115129496, -0.0761312637466998, -0.6013924151321681, 0.2874631602942258, -0.20966491195132117, 0.2951319678329428, 0.2874631602942258, -0.3614203069096041]","[0.06704119280840376, 0.01381288676256023, -0.01616363305233568, 0.05259899172148855, 0.01381288676256023, 0.03979309463725612, -0.006563555134047888, 0.09566771514911909, -0.01616363305233568, -0.006563555134047888, 0.011538662877890741, -0.037708416538322305, 0.05259899172148855, 0.09566771514911909, -0.037708416538322305, 3.5488966712268404]","[3.5488966712268404, 0.05259899172148855, 0.09566771514911909, -0.037708416538322305, 0.05133175751514685, 0.0785798556862945, 0.10683428744565987, -0.01381288676256023, 0.01616363305233568, 0.006563555134047888]",3.5488966712268404,"[0.014821223775812348, 0.026957030314451822, -0.010625391503801278]","[0.04835217332904961, -0.012394974148214463, 0.015604748172589663, -0.012394974148214463, 0.07739960757090013, 0.005547048206314357, 0.015604748172589663, 0.005547048206314357, 0.10347578852158444]",-0.0054638247979538115,15.442,True,True,0.026847383385297362,0.017056358212158854,0.9772573394200047,0.07949184153272727,0.10618300884097524,6.083838262588189,152.34912681038912,152.219899381538,7.112353436914543,True,null,0.006841141799386889,14.772,False,False,0.020051680799710783,0.033761164583688524,1.9343722420919014,0.08614917554691683,0.18917000524507308,10.838642911010334,151.23151864543007,151.1178992770667,6.948151099570831,True,null
76,0.9572734462485437,"[0.18945000732260944, -0.10367964217091026, -0.1440777459935529, 0.5042104476403002, -0.10367964217091026, 0.20259981926068726, 0.28715432209583036, 0.052512600023155685, -0.1440777459935529, 0.28715432209583036, -0.33325004836946154, 0.18698017553242852, 0.5042104476403002, 0.052512600023155685, 0.18698017553242852, -0.01344634588484826]","[0.10262039276427884, 0.004332444731519785, -0.029065082757077858, 0.4362653487871845, 0.004332444731519785, 0.04633742073314982, 0.0012504033247309593, 0.07290548013315848, -0.029065082757077858, 0.0012504033247309593, 0.01602262984845221, -0.12685348291503168, 0.4362653487871845, 0.07290548013315848, -0.12685348291503168, 5.066634672065107]","[5.066634672065107, 0.4362653487871845, 0.07290548013315848, -0.12685348291503168, 0.06236005058160202, 0.11864302261273103, 0.14895781349742865, -0.004332444731519785, 0.029065082757077858, -0.0012504033247309593]",5.066634672065107,"[0.08610554678286432, 0.014389330364615172, -0.025037029729899102]","[0.05813495511949022, 0.0019451214988130778, 0.018142294249368317, 0.0019451214988130778, 0.0779021217899086, -0.0030757399982974166, 0.018142294249368317, -0.0030757399982974166, 0.11034388605866421]",0.003390265228353202,14.632,False,False,0.02684762766017554,0.03452678510452298,1.9782390666443235,0.09160686562185762,0.2971465510150187,17.025243270029378,152.39298926771943,152.2746606680481,7.063461730491436,True,null,0.0070161764706831165,0.002,False,False,0.019995883769169276,0.06094279208454622,3.491764778187779,0.08371853978764762,0.44378188536961244,25.42682905603729,153.53729635090312,153.42168994807312,6.944688980078968,True,null
77,0.862929693275551,"[0.1663042279327484, 0.46080507041328134, 0.26500869228370383, 0.16003598839951316, 0.46080507041328134, -0.09355608325236825, -0.07376506704970799, -0.26578647173508074, 0.26500869228370383, -0.07376506704970799, 0.28682907048538303, 0.011023431504413815, 0.16003598839951316, -0.26578647173508074, 0.011023431504413815, -0.33547559221931283]","[0.08069535630344433, 0.025103263215407984, -0.015604094146400361, 0.16368047208371034, 0.025103263215407984, 0.03976496240143977, -0.006766153331884519, -0.03246199584913525, -0.015604094146400361, -0.006766153331884519, 0.0190406623594201, -0.07587814613693733, 0.16368047208371034, -0.03246199584913525, -0.07587814613693733, 3.4180569893480084]","[3.4180569893480084, 0.16368047208371034, -0.03246199584913525, -0.07587814613693733, 0.05880562476085986, 0.09973601866286443, 0.12046031870488409, -0.025103263215407984, 0.015604094146400361, 0.006766153331884519]",3.4180569893480084,"[0.04788699328121274, -0.009497207316993082, -0.022199204511043284]","[0.056812891972344556, -0.02665777059253028, 0.011970517872149963, -0.02665777059253028, 0.09021341851191336, 0.00748678381657611, 0.011970517872149963, 0.00748678381657611, 0.11231385473344312]",-0.00024605584083955306,15.452,True,True,0.029090378046813525,0.0159408009773943,0.9133406180627109,0.09247295847907874,0.06420118534192226,3.678456959829311,152.5550936761217,152.4283248531991,7.213859340537826,True,null,0.014486374471736762,16.412,False,False,0.02039031026355558,0.026581960531937246,1.5230341496633328,0.08809309267821916,0.09237995716784085,5.292981657316599,148.92302488191226,148.79419028690543,6.770024626303673,True,null
78,0.519459727490106,"[0.2291606972239131, 0.015978482942597107, 0.30034200311953047, 0.36435982326787014, 0.015978482942597107, 0.11226716870920452, -0.10289086520756496, -0.28416103966898576, 0.30034200311953047, -0.10289086520756496, 0.4911887308167554, 0.0007091463799162182, 0.36435982326787014, -0.28416103966898576, 0.0007091463799162182, 0.2539854449922129]","[0.07829360575372644, 0.006857207861439188, -0.018502821223306643, 0.27816962468050255, 0.006857207861439188, 0.039824217268503964, -0.004931738066714332, -0.016211783599570945, -0.018502821223306643, -0.004931738066714332, 0.020579086801119983, -0.12505929662863952, 0.27816962468050255, -0.016211783599570945, -0.12505929662863952, 5.201239880952259]","[5.201239880952259, 0.27816962468050255, -0.016211783599570945, -0.12505929662863952, 0.06040330406962395, 0.09887269255484643, 0.11811782302223041, -0.006857207861439188, 0.018502821223306643, 0.004931738066714332]",5.201239880952259,"[0.05348140655830978, -0.0031169075010250907, -0.024044131686105443]","[0.05734583124300672, -0.0077242368511631805, 0.011814474136414115, -0.0077242368511631805, 0.08098884756842531, 0.0053215363264490605, 0.011814474136414115, 0.0053215363264490605, 0.10319038960261351]",0.0016518862469094206,14.632,False,False,0.02930816532289418,0.018523951375208507,1.0613442337050047,0.09273227531190623,0.14293687898798219,8.189679902783556,153.04763646951255,152.9240075655411,7.053355718679949,True,null,0.01420666686112301,14.772,False,False,0.019725577812676722,0.029397423168425453,1.6843482761108828,0.08423215666435596,0.20789230970333855,11.911351939227911,150.3065467176681,150.1935785467471,6.913957699526674,True,null
79,0.5659437263450764,"[-0.030444381446550126, -0.08350782536852021, 0.46910222062428025, 0.35904659754455176, -0.08350782536852021, -0.43634888833471935, 0.012882366207006203, -0.03005394880164067, 0.46910222062428025, 0.012882366207006203, 0.04186585979635711, -0.21551026780586607, 0.35904659754455176, -0.03005394880164067, -0.21551026780586607, 0.0015737263440410124]","[0.06828074051037422, 0.004989605695183945, -0.014250388870351172, 0.25652210261135855, 0.004989605695183945, 0.029360647876995646, -0.0034963716961127767, 0.03678481774762608, -0.014250388870351172, -0.0034963716961127767, 0.01719992074069059, -0.13974483933013257, 0.25652210261135855, 0.03678481774762608, -0.13974483933013257, 4.5810209364740455]","[4.5810209364740455, 0.25652210261135855, 0.03678481774762608, -0.13974483933013257, 0.04656056861768623, 0.08548066125106481, 0.09764138838736987, -0.004989605695183945, 0.014250388870351172, 0.0034963716961127767]",4.5810209364740455,"[0.055996710377141476, 0.008029829651016372, -0.030505173686827203]","[0.04200225220182566, -0.002929776909494194, 0.006425137575681569, -0.002929776909494194, 0.06685332677019774, 0.0023742444416831594, 0.006425137575681569, 0.0023742444416831594, 0.08298161868184914]",0.0019499537156550835,13.782,False,False,0.020984409798761105,0.01586102324093521,0.9087696904644983,0.07992021629648972,0.12446682277423726,7.131423634366592,152.7024323436067,152.57660342876446,7.06051771861008,True,null,0.011735783324797081,0.002,False,False,0.019926796916058566,0.03267910809478027,1.8723749720827143,0.08128409761941771,0.21711695352738578,12.439885097857237,150.65671535717556,150.55150970506685,7.0102569179008105,True,null
80,0.8457985981428096,"[0.3896422072073928, -0.33412834471032843, -0.2581823306577228, 0.31586872469813554, -0.33412834471032843, -0.182847443695679, 0.13253416982258956, -0.18478123767731047, -0.2581823306577228, 0.13253416982258956, 0.3011905984146187, -0.04133344296632456, 0.31586872469813554, -0.18478123767731047, -0.04133344296632456, -0.24707978363621327]","[0.11037421554354705, -0.008885659844283429, -0.03782930491535068, 0.3128351373434961, -0.008885659844283429, 0.031548983263247225, 0.002006838692109032, -0.0322016254695683, -0.03782930491535068, 0.002006838692109032, 0.02664036083168418, -0.13722771558637564, 0.3128351373434961, -0.0322016254695683, -0.13722771558637564, 3.8869359346023704]","[3.8869359346023704, 0.3128351373434961, -0.0322016254695683, -0.13722771558637564, 0.058189344094931414, 0.13701457637523123, 0.14192319880679427, 0.008885659844283429, 0.03782930491535068, -0.002006838692109032]",3.8869359346023704,"[0.08048373901884205, -0.008284578395774999, -0.03530485654902205]","[0.0530777623909304, 0.006293952624008196, 0.026784705267944936, 0.006293952624008196, 0.10699163001202669, -0.0008699649242605882, 0.026784705267944936, -0.0008699649242605882, 0.11647828036624269]",-0.003231978344886073,14.642,True,True,0.02172271967740282,0.026028831378742585,1.4913421836596337,0.07316178205064157,0.1674004699606287,9.591340417250544,153.74835479161402,153.62360143965512,7.014912550321544,True,null,0.011898785102223901,0.002,False,False,0.01954128800645587,0.04076276634199157,2.3355344726740426,0.08460296612843313,0.2755655907032875,15.788745326327849,152.48515737985392,152.36208962169366,6.663762665322077,True,null
81,0.6240615612241072,"[0.2940309334875596, -0.08907090367713554, 0.24367273078452864, 0.1371293250335285, -0.08907090367713554, 0.400875055491176, 0.11451465156524515, 0.15587404235410068, 0.24367273078452864, 0.11451465156524515, 0.5065731004506584, -0.2764814534757394, 0.1371293250335285, 0.15587404235410068, -0.2764814534757394, 0.3103145273931503]","[0.0796032631481391, 0.007484402537907005, -0.020277048735590157, 0.2497644049860574, 0.007484402537907005, 0.04897397589615971, -0.004688473095271914, 0.09773604577182365, -0.020277048735590157, -0.004688473095271914, 0.023967536238011684, -0.1831712213856059, 0.2497644049860574, 0.09773604577182365, -0.1831712213856059, 5.524468247202105]","[5.524468247202105, 0.2497644049860574, 0.09773604577182365, -0.1831712213856059, 0.0729415121341714, 0.1035707993861508, 0.12857723904429882, -0.007484402537907005, 0.020277048735590157, 0.004688473095271914]",5.524468247202105,"[0.045210578432150796, 0.017691484754450815, -0.033156353370005144]","[0.06513912662696228, -0.0030656993748916913, 0.011995771864623365, -0.0030656993748916913, 0.08620551642149257, 0.0014479022246743317, 0.011995771864623365, 0.0014479022246743317, 0.11555615005938467]",0.0009275122258623723,13.762,False,False,0.03530694790630139,0.022454019786765006,1.2865205668848756,0.10709033757221498,0.11394764939784403,6.528719395932879,152.52913958957268,152.40764805243936,7.073646359666817,True,null,0.015137656923794405,14.752,False,False,0.019583776439096857,0.0284674705731293,1.6310659172531756,0.08292937534218515,0.1462146073014262,8.377479901534434,149.74613034886653,149.63452832066764,6.825820329518316,True,null
82,0.6423943322428893,"[0.2866265152623823, -0.058708389143326434, -0.4303068907820968, 0.0693773066422335, -0.058708389143326434, 0.3257075925374539, -0.04450331712143416, -0.4374883196919259, -0.4303068907820968, -0.04450331712143416, -0.155417035897844, 0.08095061989750951, 0.0693773066422335, -0.4374883196919259, 0.08095061989750951, 0.029973023925085152]","[0.08627915026683851, 0.0040733773676640845, -0.028918077407511046, 0.177130282687379, 0.0040733773676640845, 0.046236068931213854, -0.0032417504151121975, -0.08896719445391754, -0.028918077407511046, -0.0032417504151121975, 0.01927495468840655, -0.09277397330342649, 0.177130282687379, -0.08896719445391754, -0.09277397330342649, 4.667535496848221]","[4.667535496848221, 0.177130282687379, -0.08896719445391754, -0.09277397330342649, 0.06551102361962043, 0.10555410495524509, 0.13251521919805237, -0.0040733773676640845, 0.028918077407511046, 0.0032417504151121975]",4.667535496848221,"[0.037949423803415566, -0.019060850102584785, -0.019876436583304534]","[0.06197121726514005, -0.0074496311345966845, 0.025397358576692553, -0.0074496311345966845, 0.0969880967921762, 0.0050101012136700126, 0.025397358576692553, 0.0050101012136700126, 0.12409743667439659]",-0.008555156586540208,14.592,True,True,0.021729058201155657,0.01895452579707699,1.0860143308443542,0.08162439433650763,0.059406893099529616,3.4037642485879007,153.3414161994887,153.21963861129433,6.978659896500144,True,null,0.008208407363752532,14.722,False,False,0.019347631289841,0.02146667583492564,1.229949925516712,0.08690965796937788,0.11029758172060722,6.319585923090091,150.93304894408988,150.8119393012504,6.621926976454162,True,null
83,0.6966222060265346,"[0.8101153686741867, 0.16490202866149858, 0.03297960324412145, 0.023938202147251023, 0.16490202866149858, 0.11904616967291065, 0.1097303959055013, 0.11922483742187504, 0.03297960324412145, 0.1097303959055013, 0.40210252727052215, 0.046196237592159614, 0.023938202147251023, 0.11922483742187504, 0.046196237592159614, -0.231017503332519]","[0.11155213378676414, 0.018159720795452153, -0.026293568058918495, 0.1563290226902497, 0.018159720795452153, 0.04267877749261729, -0.0051508866885635034, 0.068516944219401, -0.026293568058918495, -0.0051508866885635034, 0.021938431463599296, -0.08355273950013645, 0.1563290226902497, 0.068516944219401, -0.08355273950013645, 3.7704637201992623]","[3.7704637201992623, 0.1563290226902497, 0.068516944219401, -0.08355273950013645, 0.0646172089562166, 0.13349056525036346, 0.15423091127938143, -0.018159720795452153, 0.026293568058918495, 0.0051508866885635034]",3.7704637201992623,"[0.04146148439322153, 0.018172020553424127, -0.022159804655465784]","[0.06152060525185179, -0.015318906582028228, 0.022829347454122684, -0.015318906582028228, 0.12515741953013204, 0.003632564589072132, 0.022829347454122684, 0.003632564589072132, 0.1465041866262893]",0.0022476111058305948,14.622,False,False,0.02323772977002741,0.01754471252562179,1.0052379804884397,0.07564999854525849,0.08310616532341866,4.7616325245483635,152.54433398749123,152.42103539889146,7.109046643287984,True,null,0.014203407269794728,16.772000000000002,False,False,0.01935845188886027,0.025186427911259815,1.443076020325685,0.08723211242357172,0.1271919299610092,7.287560774889393,152.31346998192834,152.1844236421823,6.637225351920534,True,null
84,0.5040458109604218,"[0.04307309040197297, 0.09408017273116762, -0.33186727383721787, 0.034126013419533, 0.09408017273116762, -0.15707831331311584, 0.18329390677037688, -0.1851254395205852, -0.33186727383721787, 0.18329390677037688, 0.27444723690714234, 0.45126825826190076, 0.034126013419533, -0.1851254395205852, 0.45126825826190076, -0.338857600160398]","[0.06956948031501949, 0.007798444116455118, -0.022130376028640784, 0.1113699431043805, 0.007798444116455118, 0.03463780977682419, -0.00216344919280039, -0.0015331178245397688, -0.022130376028640784, -0.00216344919280039, 0.018845725458653272, -0.0327254231805333, 0.1113699431043805, -0.0015331178245397688, -0.0327254231805333, 3.7827443074832696]","[3.7827443074832696, 0.1113699431043805, -0.0015331178245397688, -0.0327254231805333, 0.05348353523547747, 0.08841520577367276, 0.10420729009184368, -0.007798444116455118, 0.022130376028640784, 0.00216344919280039]",3.7827443074832696,"[0.029441573115069203, -0.0004052924807809124, -0.00865123849787937]","[0.05319979843347221, -0.007843581516980322, 0.021166888089349533, -0.007843581516980322, 0.08485318401006522, 0.0021767125607458334, 0.021166888089349533, 0.0021767125607458334, 0.10092776240798852]",-0.004903986124101833,14.622,True,True,0.023497209592221003,0.01409801194538791,0.8077565839957465,0.07814197005232151,0.08448358795507009,4.840553027947793,152.88171000689314,152.75156939159152,7.004941637408973,True,null,0.010472673688690504,14.762,False,False,0.019877265566655145,0.028101415611555804,1.6100925128851908,0.08588867894070572,0.15433496645146053,8.84274220896184,151.8898664648472,151.7755974234529,6.839725255378926,True,null
85,0.853486291476777,"[-0.5544715335761458, 0.11326568942128132, -0.008722692319810718, 0.25664356180919645, 0.11326568942128132, 0.08948228788890039, -0.24689692440310101, 0.3969808082959787, -0.008722692319810718, -0.24689692440310101, 0.05132824058056832, -0.006390161328197596, 0.25664356180919645, 0.3969808082959787, -0.006390161328197596, 0.2952829760994004]","[0.05536216518619593, 0.021221849713869374, -0.021142184258463467, 0.3286929745919951, 0.021221849713869374, 0.04866176556312406, -0.015172997318772058, 0.23368602602283547, -0.021142184258463467, -0.015172997318772058, 0.02069593443207015, -0.17531873237156576, 0.3286929745919951, 0.23368602602283547, -0.17531873237156576, 6.18263546147925]","[6.18263546147925, 0.3286929745919951, 0.23368602602283547, -0.17531873237156576, 0.0693576999951942, 0.07605809961826608, 0.10402393074931998, -0.021221849713869374, 0.021142184258463467, 0.015172997318772058]",6.18263546147925,"[0.053163893721360114, 0.03779715421988086, -0.02835663423209804]","[0.05555358406268242, -0.008798190662224356, 0.011821557803297968, -0.008798190662224356, 0.05361205208220396, 0.008546448153689967, 0.011821557803297968, 0.008546448153689967, 0.07771666561653723]",-0.008977658972052086,13.782,True,True,0.0489537997966713,0.035227934619321125,2.018411974649903,0.16467307220376345,0.22066658506729084,12.64326400392032,151.5450121191977,151.41955292189567,7.137983300962503,True,null,0.009876207099256872,0.002,False,False,0.02014843242794459,0.039727401642827294,2.276212445155097,0.08366562610847753,0.3000469478336504,17.191423766650146,151.57945979714464,151.47107804115197,6.961163864394115,True,null
86,0.6485440934706559,"[-0.0763154644508071, 0.23948557064179565, 0.2147508636684233, 0.1526199167084233, 0.23948557064179565, -0.06870933817712141, 0.026646671853819404, 0.32715514813798235, 0.2147508636684233, 0.026646671853819404, 0.2168501363954289, -0.47964626123776705, 0.1526199167084233, 0.32715514813798235, -0.47964626123776705, 0.1153283536483268]","[0.06842230635492196, 0.018534582954357406, -0.020526083402581788, 0.2582863747876558, 0.018534582954357406, 0.03987464080353351, -0.008792952969064703, 0.14660158330692272, -0.020526083402581788, -0.008792952969064703, 0.023147731792883784, -0.21120287209571498, 0.2582863747876558, 0.14660158330692272, -0.21120287209571498, 5.1997712357527535]","[5.1997712357527535, 0.2582863747876558, 0.14660158330692272, -0.21120287209571498, 0.06302237259641731, 0.09157003814780576, 0.10829694715845548, -0.018534582954357406, 0.020526083402581788, 0.008792952969064703]",5.1997712357527535,"[0.04967264194465366, 0.028193852510070994, -0.04061772384206434]","[0.05031052924548446, -0.01125249499823332, 0.010035078759288855, -0.01125249499823332, 0.07016169160036133, 0.0028383303434947257, 0.010035078759288855, 0.0028383303434947257, 0.09133391712694736]",0.001039758987522667,14.632,False,False,0.02914292423043712,0.027700094821087064,1.587098525360478,0.09352103545613347,0.1436836120330886,8.232464554691107,151.45182702131947,151.33029737730487,7.084446653919362,True,null,0.01223366556710884,0.0,False,False,0.020048373992915577,0.03976135941113779,2.2781580819609712,0.08305012467759583,0.20237436133682576,11.59519678625562,148.29310131262832,148.1989213910524,6.834198003195949,True,null
87,0.6614543642912065,"[-0.0791764848109028, 0.2058780367066539, 0.5004320900317369, 0.02448585331678396, 0.2058780367066539, -0.15029681243896267, 0.097926541481418, -0.25040157800891927, 0.5004320900317369, 0.097926541481418, 0.17128682136430345, 0.16851267841099854, 0.02448585331678396, -0.25040157800891927, 0.16851267841099854, 0.39190995981170845]","[0.06095519893246679, 0.010227101363566773, -0.00850753520141753, 0.18522798908427868, 0.010227101363566773, 0.03448545499048399, -0.0016239112091536788, -0.024819141905685658, -0.00850753520141753, -0.0016239112091536788, 0.01536068458143195, -0.09093737132540416, 0.18522798908427868, -0.024819141905685658, -0.09093737132540416, 5.767739835139784]","[5.767739835139784, 0.18522798908427868, -0.024819141905685658, -0.09093737132540416, 0.049846139571915936, 0.07631588351389873, 0.09544065392295079, -0.010227101363566773, 0.00850753520141753, 0.0016239112091536788]",5.767739835139784,"[0.032114484074989416, -0.004303096640121625, -0.015766552224039464]","[0.048305571591652025, -0.011024155301051818, 0.005587128438166439, -0.011024155301051818, 0.0689336133940905, 0.002015223506165518, 0.005587128438166439, 0.002015223506165518, 0.08938535345111634]",-0.005148250618591063,13.672,True,True,0.04024147593889151,0.014587371424865526,0.8357948168345327,0.12421115959186141,0.05632161780585897,3.2269909956245866,153.42128313312114,153.29946716887636,7.182869713163034,True,null,0.013138158623091357,14.792,False,False,0.02042710343982827,0.021560701847487485,1.2353372192009495,0.08349648608746799,0.10913911078187284,6.253210427612052,150.8216279453851,150.71703062501192,7.016853109197213,True,null
88,0.5015970779134877,"[0.23971758083315886, -0.14539832107552944, 0.361928760197348, -0.015930593673054945, -0.14539832107552944, 0.5623114358821406, 0.285533619831178, -0.0053078547433698525, 0.361928760197348, 0.285533619831178, -0.26557793247031247, 0.16643375989024178, -0.015930593673054945, -0.0053078547433698525, 0.16643375989024178, 0.1803338309846798]","[0.06936578974144267, 0.003477592457792402, -0.01279004997518294, 0.15436631556362568, 0.003477592457792402, 0.049412593950007556, -0.000649295094047213, 0.03897390857344227, -0.01279004997518294, -0.000649295094047213, 0.013372221448810359, -0.08514303567595317, 0.15436631556362568, 0.03897390857344227, -0.08514303567595317, 4.811464378358398]","[4.811464378358398, 0.15436631556362568, 0.03897390857344227, -0.08514303567595317, 0.06278481539881792, 0.08273801119025304, 0.11877838369145023, -0.003477592457792402, 0.01279004997518294, 0.000649295094047213]",4.811464378358398,"[0.03208302159690793, 0.008100217627868962, -0.01769586740762752]","[0.0609624383875598, -0.002227191707314739, 0.010058404122765032, -0.002227191707314739, 0.07627879348418556, -4.038202442541877e-05, 0.010058404122765032, -4.038202442541877e-05, 0.11351014871413377]",-0.007020635933840283,13.702,True,True,0.023194315078874827,0.009383313768351388,0.5376242767735308,0.08481637664196201,0.053480612422238984,3.0642133775692164,153.1243328302233,152.99792398192395,7.113937325085367,True,null,0.009973345887296953,14.772,False,False,0.019690158480775825,0.018984414878701613,1.0877268490749672,0.08300329466531874,0.100011444811506,5.730233690704849,151.65662045182177,151.5428169946378,6.948839734439206,True,null
89,0.6121914192620461,"[0.09507983090642913, -0.12994269711387815, -0.15922473322484784, 0.23828951448768534, -0.12994269711387815, -0.6859244875080377, -0.2722526592645287, -0.06025646877334383, -0.15922473322484784, -0.2722526592645287, 0.39614594407216347, 0.06909451089138731, 0.23828951448768534, -0.06025646877334383, 0.06909451089138731, 0.021070844022822523]","[0.07661442134466559, 0.0058114571407659205, -0.025073972488400542, 0.22883075366952654, 0.0058114571407659205, 0.02570414109849471, -0.00709668583295198, 0.026044605226998474, -0.025073972488400542, -0.00709668583295198, 0.022652497606632918, -0.10569981953285278, 0.22883075366952654, 0.026044605226998474, -0.10569981953285278, 4.539147776541629]","[4.539147776541629, 0.22883075366952654, 0.026044605226998474, -0.10569981953285278, 0.04835663870512763, 0.09926691895129851, 0.1023185624431603, -0.0058114571407659205, 0.025073972488400542, 0.00709668583295198]",4.539147776541629,"[0.05041271290001323, 0.0057377742495182266, -0.023286269744093976]","[0.045745846130373226, -0.004498477934863063, 0.019745357832707623, -0.004498477934863063, 0.08526958535431896, 0.006490204130257654, 0.019745357832707623, 0.006490204130257654, 0.09063314529051447]",-0.004049092521365043,14.632,True,True,0.020538142731799557,0.013425737124381245,0.7692380740791517,0.07968201045894684,0.08609233969831308,4.93272771311993,152.58755288971025,152.46225583057085,6.964788575741311,True,null,0.011258185155535942,14.772,False,False,0.019639913596986577,0.02433190072204654,1.3941152189045871,0.08531385854708773,0.13927302012837112,7.979756253396228,150.69680328845052,150.58300300241376,6.927556127585237,True,null
90,0.9764801539144239,"[0.1147841985014441, 0.07988066817544362, -0.13306758602801372, -0.31784303066482417, 0.07988066817544362, 0.12511203206476498, -0.23888583656228013, -0.23792793615636965, -0.13306758602801372, -0.23888583656228013, -0.24825215365783024, -0.11856853888092979, -0.31784303066482417, -0.23792793615636965, -0.11856853888092979, 0.6354911137661969]","[0.0695604808440326, 0.012440882834025535, -0.02050008410511389, 0.042414792334254596, 0.012440882834025535, 0.044796922494794944, -0.008382496147556753, -0.08033585292151282, -0.02050008410511389, -0.008382496147556753, 0.017629543081147114, -0.16066613663473472, 0.042414792334254596, -0.08033585292151282, -0.16066613663473472, 8.605014759987856]","[8.605014759987856, 0.042414792334254596, -0.08033585292151282, -0.16066613663473472, 0.06242646557594206, 0.08719002392517972, 0.11435740333882755, -0.012440882834025535, 0.02050008410511389, 0.008382496147556753]",8.605014759987856,"[0.004929078394086852, -0.009335934354821048, -0.018671221504675428]","[0.058676622301320674, -0.012836864550931503, 0.019708148122366216, -0.012836864550931503, 0.08398112506328768, 0.009882464652221345, 0.019708148122366216, 0.009882464652221345, 0.11339832725312929]",-0.018706620101237078,11.532,True,True,0.1050517201816644,0.031055991280428918,1.7793772289636625,0.36358215574182456,0.1661386021314682,9.51904071633631,156.53318984631662,156.4192262858605,7.114151958067002,True,null,0.007371240710715365,0.002,False,False,0.020420583760506546,0.03722273975168652,2.1327058896854756,0.08635472947513234,0.2106666623815407,12.07031063856971,148.38009401145186,148.26107091211352,6.635929356960454,True,null
91,0.9543821184789513,"[-0.14163541024247922, 0.12543234602588005, 0.12890926730182414, -0.1538666147603556, 0.12543234602588005, 0.41363666807698, 0.22006261088906628, -0.4480915834759221, 0.12890926730182414, 0.22006261088906628, -0.274344046444279, 0.24587849874734674, -0.1538666147603556, -0.4480915834759221, 0.24587849874734674, -0.04677749418079567]","[0.051725508185462094, 0.00835161204637663, -0.009412130515776284, 0.048712562488094774, 0.00835161204637663, 0.05834273065820236, 0.00252732413938451, -0.17679988404649394, -0.009412130515776284, 0.00252732413938451, 0.01082030502261795, -0.04022997697279744, 0.048712562488094774, -0.17679988404649394, -0.04022997697279744, 4.686894017676561]","[4.686894017676561, 0.048712562488094774, -0.17679988404649394, -0.04022997697279744, 0.06916303568082031, 0.06254581320808004, 0.11006823884366446, -0.00835161204637663, 0.009412130515776284, -0.00252732413938451]",4.686894017676561,"[0.010393356944786028, -0.03772218517843489, -0.008583504730653306]","[0.06214844351763257, -0.010189156349068623, 0.008994006005217478, -0.010189156349068623, 0.061694211960786, -0.0010097614982924736, 0.008994006005217478, -0.0010097614982924736, 0.10289267382850284]",-0.0258347019098808,11.412,True,True,0.022333867263572,0.03377545912220245,1.9351912588188367,0.08500387097441209,0.17126186569240634,9.812582095711232,153.78868000556466,153.6515229398824,7.191604369339665,True,null,0.008344823241547825,14.792,False,False,0.02033378463259011,0.04187916985927598,2.399499682447999,0.08398789577371331,0.2165349779555189,12.406540353809552,152.42425700059087,152.31971489854328,6.990104328374527,True,null
92,0.9570212183171951,"[0.1683656878167166, 0.007237449386963777, 0.29849333806943573, 0.0929805852452938, 0.007237449386963777, -0.011571613353102351, 0.036594059208997665, -0.27363597376460336, 0.29849333806943573, 0.036594059208997665, -0.71068400787564, -0.09583305927179277, 0.0929805852452938, -0.27363597376460336, -0.09583305927179277, 0.3163159104604374]","[0.07697750695524717, 0.004137926112414526, -0.013836781109624673, 0.2523416804447167, 0.004137926112414526, 0.036846699265236156, -0.0007178780354495877, -0.07015462097269895, -0.013836781109624673, -0.0007178780354495877, 0.010618658393525722, -0.15131708563459464, 0.2523416804447167, -0.07015462097269895, -0.15131708563459464, 6.190259045892381]","[6.190259045892381, 0.2523416804447167, -0.07015462097269895, -0.15131708563459464, 0.04746535765876188, 0.0875961653487729, 0.11382420622048334, -0.004137926112414526, 0.013836781109624673, 0.0007178780354495877]",6.190259045892381,"[0.04076431673924228, -0.011333067074026712, -0.024444386658584647]","[0.04297143728442317, -0.006997731302467116, 0.00766844350275701, -0.006997731302467116, 0.07361077581130962, 0.0024327647163926926, 0.00766844350275701, 0.0024327647163926926, 0.10274260300728573]",-0.003148950967055608,13.672,True,True,0.04954478086157955,0.020764448414035425,1.1897152580413457,0.15879556961121935,0.12347714854254152,7.074719477797573,154.13455905569285,154.01810667994826,7.105890935766223,True,null,0.0058687531257644344,0.002,False,False,0.019852953080508703,0.024329411910703327,1.3939726205186167,0.08269445802795378,0.1403111742210637,8.039238101391746,150.1015202837115,149.98909224976455,6.891865204941212,True,null
93,0.7269712875979701,"[-0.6252582693698491, 0.24410300639817614, -0.010678783875521467, 0.28950764627154213, 0.24410300639817614, 0.3508886830252227, -0.013568773465966875, -0.28478383970993193, -0.010678783875521467, -0.013568773465966875, 0.08049359374131726, -0.00393000716544016, 0.28950764627154213, -0.28478383970993193, -0.00393000716544016, 0.17267670196657742]","[0.05193917315092387, 0.012231395666117448, -0.01800579463593919, 0.2480710971846979, 0.012231395666117448, 0.049515016863621086, -0.004785724087911197, -0.04449567085603026, -0.01800579463593919, -0.004785724087911197, 0.01836812797761656, -0.12477957351895752, 0.2480710971846979, -0.04449567085603026, -0.12477957351895752, 5.204735527054498]","[5.204735527054498, 0.2480710971846979, -0.04449567085603026, -0.12477957351895752, 0.06788314484123764, 0.07030730112854042, 0.10145419001454495, -0.012231395666117448, 0.01800579463593919, 0.004785724087911197]",5.204735527054498,"[0.047662574956058926, -0.008549074323707582, -0.023974239011828078]","[0.06451125272466875, -0.014352173913513117, 0.01205847886010681, -0.014352173913513117, 0.055492098545205516, 0.0058524739360053, 0.01205847886010681, 0.0058524739360053, 0.08925008595331607]",-0.007228995764065957,15.442,True,True,0.02942487460547638,0.01722183153800739,0.9867382626131188,0.09259708527359319,0.12261700609924685,7.025436946016717,153.2974143648689,153.1646891595079,7.095081130941968,True,null,0.010471323111218865,0.0,False,False,0.020238708736508987,0.03029660361160208,1.7358675205256064,0.08464321419810862,0.1985537342756959,11.376290980559409,150.6154387263761,150.50856010609238,6.83079572979918,True,null
94,0.5322539504840738,"[0.45987334940149927, -0.25702907837746625, -0.02754118965725992, 0.0029176877022408943, -0.25702907837746625, 0.20289335645011647, -0.445200831304368, -0.2674553620319232, -0.02754118965725992, -0.445200831304368, 0.08639081264143175, 0.029036479466739026, 0.0029176877022408943, -0.2674553620319232, 0.029036479466739026, 0.25508219373573876]","[0.0821155573339064, 0.001431770551635814, -0.021425466978181436, 0.173647625781579, 0.001431770551635814, 0.04323109802128749, -0.008138330271422212, -0.023650701502524536, -0.021425466978181436, -0.008138330271422212, 0.019008434367215322, -0.1029254842446531, 0.173647625781579, -0.023650701502524536, -0.1029254842446531, 5.074175177459257]","[5.074175177459257, 0.173647625781579, -0.023650701502524536, -0.1029254842446531, 0.06223953238850281, 0.10112399170112171, 0.12534665535519388, -0.001431770551635814, 0.021425466978181436, 0.008138330271422212]",5.074175177459257,"[0.03422184290226415, -0.004660994284861667, -0.020284180314048595]","[0.060041537522637266, -0.002241141142983551, 0.017903167225721453, -0.002241141142983551, 0.09309369084994405, 0.00861806536525316, 0.017903167225721453, 0.00861806536525316, 0.11929387780080929]",-0.003876926644225953,14.602,True,True,0.027090330425689667,0.012714548037389476,0.728489940958761,0.08997195306305653,0.06141557087607536,3.518853007585694,153.24728070192776,153.12380584659397,6.975680974386939,True,null,0.010092549791256105,14.732000000000001,False,False,0.01927140384363896,0.01877787748152113,1.0758931279049082,0.08426385823844251,0.1084411631161134,6.213220972043029,150.84298898095457,150.72068048934005,6.76971354396559,True,null
95,0.7186309293618658,"[0.08981912174389386, 0.16138957015887628, 0.20264874130226437, 0.2556385854532822, 0.16138957015887628, -0.09533149691465223, 0.16683383602387958, 0.03139986069443208, 0.20264874130226437, 0.16683383602387958, 0.4535835022459924, 0.47566769447063284, 0.2556385854532822, 0.03139986069443208, 0.47566769447063284, 0.04493976058279878]","[0.07377789289639679, 0.013430079597745889, -0.014166485829633379, 0.24638720609494166, 0.013430079597745889, 0.036315899673201445, -0.0019580243082965264, 0.06252874514693915, -0.014166485829633379, -0.0019580243082965264, 0.018079269433974685, -0.024448692330022025, 0.24638720609494166, 0.06252874514693915, -0.024448692330022025, 4.920598623700425]","[4.920598623700425, 0.24638720609494166, 0.06252874514693915, -0.024448692330022025, 0.054395169107176136, 0.09185716233037147, 0.11009379256959824, -0.013430079597745889, 0.014166485829633379, 0.0019580243082965264]",4.920598623700425,"[0.050072608017284644, 0.012707548395791695, -0.004968641866512562]","[0.05347910525580085, -0.010299102252190514, 0.012942276042056992, -0.010299102252190514, 0.0793984355428131, 0.0016473413672989502, 0.012942276042056992, 0.0016473413672989502, 0.09696195552324945]",0.0018230053246947192,13.762,False,False,0.024474103466931258,0.018578737196491207,1.0644832300416613,0.08905919994122549,0.10450783928755872,5.9878581172086065,152.26909424647042,152.14453990689145,7.158810013738258,True,null,0.01428849000834402,14.792,False,False,0.020214452236946515,0.04172062079489102,2.3904154902129933,0.0849396654735451,0.2751580950378507,15.765397544528446,152.55342308220864,152.43824108925614,6.961208156210389,True,null
96,0.5830130121879264,"[-0.23616064153239638, 0.23080866653895324, -0.09206275746856127, -0.2677436425679754, 0.23080866653895324, 0.27585895928845566, -0.29751173408647863, -0.3932680605248088, -0.09206275746856127, -0.29751173408647863, -0.3116373084972991, 0.05931661984389427, -0.2677436425679754, -0.3932680605248088, 0.05931661984389427, 0.1037282625552184]","[0.0556480740946725, 0.012833148933827719, -0.01611771388476785, 0.0629420710519103, 0.012833148933827719, 0.04625290773326754, -0.007632645598315394, -0.07272558553802666, -0.01611771388476785, -0.007632645598315394, 0.014905512893803565, -0.0722563634304022, 0.0629420710519103, -0.07272558553802666, -0.0722563634304022, 4.790326196707974]","[4.790326196707974, 0.0629420710519103, -0.07272558553802666, -0.0722563634304022, 0.06115842062707111, 0.07055358698847607, 0.10190098182794004, -0.012833148933827719, 0.01611771388476785, 0.007632645598315394]",4.790326196707974,"[0.01313941232126647, -0.015181760604946989, -0.01508380858908074]","[0.05896441704225095, -0.013788720388517386, 0.015168307732820517, -0.013788720388517386, 0.06863666400924333, 0.008729624410099807, 0.015168307732820517, 0.008729624410099807, 0.09996985757454162]",-0.011833008835917582,11.412,True,True,0.0231624118636067,0.01957207510412227,1.1213972997792774,0.08379759856921813,0.11023661597679361,6.316092843274695,153.1512394156529,153.01622052480667,7.097598829994025,True,null,0.008315273154128631,14.772,False,False,0.01987949459818968,0.028338658837353304,1.6236855484414567,0.08566327276297109,0.1818899461744319,10.421526251656662,149.42156777815845,149.31791360762182,6.8112281468728115,True,null
97,0.5437045101111434,"[0.19571885929115712, 0.14443505613705981, 0.3820656215157889, 0.41690617372566263, 0.14443505613705981, 0.35636928977169013, 0.02148480485009112, 0.03227906403701998, 0.3820656215157889, 0.02148480485009112, 0.3178725597760115, -0.008015041596724998, 0.41690617372566263, 0.03227906403701998, -0.008015041596724998, 0.22186432160639974]","[0.0797491426153337, 0.014021108141505551, -0.017482663394896052, 0.30285304114402767, 0.014021108141505551, 0.04660362646959722, -0.005639039927338184, 0.06414017924086929, -0.017482663394896052, -0.005639039927338184, 0.019028571689647375, -0.13083435653577047, 0.30285304114402767, 0.06414017924086929, -0.13083435653577047, 5.154094640840828]","[5.154094640840828, 0.30285304114402767, 0.06414017924086929, -0.13083435653577047, 0.06563219815924462, 0.0987777143049811, 0.12635276908493093, -0.014021108141505551, 0.017482663394896052, 0.005639039927338184]",5.154094640840828,"[0.058759697337381615, 0.012444509406681285, -0.025384546783259382]","[0.06151283425099549, -0.010252250622146665, 0.009794876203523104, -0.010252250622146665, 0.07766099042531255, 0.004010870546711695, 0.009794876203523104, 0.004010870546711695, 0.10775902298569306]",0.002747262478363589,15.632,False,False,0.028389092973476256,0.020865341065209847,1.1954959811375256,0.09241311432800477,0.16911632012810007,9.689651390123467,152.46111706604898,152.3367978112473,7.124268650606947,True,null,0.013568822901035749,14.772,False,False,0.01981820973561298,0.033832901620260286,1.938482471522239,0.08428899789128098,0.25259536007578504,14.472648056929817,150.07507279623823,149.96245144454625,6.895464321910234,True,null
98,0.987576508484983,"[0.3695973615506581, 0.059472998378389305, 0.3421491560800559, -0.082529582471908, 0.059472998378389305, -0.20539429003094928, 0.08376827567169949, 0.36738396335791784, 0.3421491560800559, 0.08376827567169949, -0.1849840850949874, 0.3514557984605014, -0.082529582471908, 0.36738396335791784, 0.3514557984605014, -0.03383603910135609]","[0.08641162156662861, 0.0138057715798926, -0.008972443504774635, 0.132163160481195, 0.0138057715798926, 0.03523362632147336, -0.0034195895481422085, 0.1726647858998671, -0.008972443504774635, -0.0034195895481422085, 0.01047971958172846, -0.02816264850521931, 0.132163160481195, 0.1726647858998671, -0.02816264850521931, 4.74329765736335]","[4.74329765736335, 0.132163160481195, 0.1726647858998671, -0.02816264850521931, 0.04571334590320182, 0.09689134114835707, 0.12164524788810198, -0.0138057715798926, 0.008972443504774635, 0.0034195895481422085]",4.74329765736335,"[0.027863138691291905, 0.03640184495523438, -0.005937356358292311]","[0.0392608174574773, -0.008994788703262379, 0.008187743723559605, -0.008994788703262379, 0.09304164899782125, 0.002394417183726452, 0.008187743723559605, 0.002394417183726452, 0.11167745065217927]",-0.0017003103237167884,13.772,True,True,0.022118587845422335,0.022281002556234872,1.276607409792457,0.0853489462222173,0.1054874106104092,6.043983419739987,151.71255966667925,151.58926432726787,7.22714878658011,True,null,0.00927736005403396,15.742,False,False,0.020304553243405393,0.03694749516596575,2.116935536589849,0.08481185950848122,0.2311732457807383,13.24525131957677,153.01565856069766,152.89986680444,7.108496421245863,True,null
99,0.5878995969178131,"[-0.3376301778709864, -0.17090133421560558, 0.28402922603210623, 0.2732137455103206, -0.17090133421560558, 0.16024592425560472, 0.15085370605239848, 0.1451734061690211, 0.28402922603210623, 0.15085370605239848, 0.2814843276707701, -0.3711113568185357, 0.2732137455103206, 0.1451734061690211, -0.3711113568185357, -0.22120318420854945]","[0.05728016136671633, 0.0038096955535756273, -0.016021571925364145, 0.21601452588797643, 0.0038096955535756273, 0.04155612991732312, -0.0030809627287518918, 0.06890375239425853, -0.016021571925364145, -0.0030809627287518918, 0.020571734786029295, -0.15329091488193514, 0.21601452588797643, 0.06890375239425853, -0.15329091488193514, 4.088181395956174]","[4.088181395956174, 0.21601452588797643, 0.06890375239425853, -0.15329091488193514, 0.062127864703352416, 0.07785189615274563, 0.09883629128403945, -0.0038096955535756273, 0.016021571925364145, 0.0030809627287518918]",4.088181395956174,"[0.05283878208086541, 0.016854377465347965, -0.03749611380589983]","[0.05521872126189716, -0.0001689051962614923, 0.007921866678941084, -0.0001689051962614923, 0.060690138103225835, 0.0004973397873232312, 0.007921866678941084, 0.0004973397873232312, 0.08626101697271149]",-0.0014722460535217382,13.782,True,True,0.020350291338958066,0.014578212590480715,0.8352700542790237,0.07876094240016346,0.08247802327623903,4.725642636310263,152.80978404182133,152.67634886914675,7.036241794993276,True,null,0.012904626342504222,0.0,False,False,0.01999180658803512,0.035008540478308106,2.005841616319959,0.08005091843688739,0.16988281389638638,9.733568248069352,151.02660947841665,150.9200129309559,6.947435563143503,True,null
100,0.6168938935830339,"[0.08402321912408992, 0.1337799140892697, 0.12236183951311608, -0.17035261211640693, 0.1337799140892697, 0.7536252304339132, 0.04126215965346153, 0.22316033054150883, 0.12236183951311608, 0.04126215965346153, 0.1942013146668392, -0.2199828137878786, -0.17035261211640693, 0.22316033054150883, -0.2199828137878786, 0.25239827691654004]","[0.06656159552008349, 0.015691509372364958, -0.017670056735767086, 0.13697042755040842, 0.015691509372364958, 0.06204869278448388, -0.007801239840394053, 0.12069413027783493, -0.017670056735767086, -0.007801239840394053, 0.020045965221425485, -0.14879410860238668, 0.13697042755040842, 0.12069413027783493, -0.14879410860238668, 5.27335731519063]","[5.27335731519063, 0.13697042755040842, 0.12069413027783493, -0.14879410860238668, 0.08209465800590939, 0.086607560741509, 0.1286102883045674, -0.015691509372364958, 0.017670056735767086, 0.007801239840394053]",5.27335731519063,"[0.025974046392768853, 0.02288753123748298, -0.028216200744403345]","[0.0751338628910851, -0.012556594433193586, 0.013805271655958008, -0.012556594433193586, 0.0788514800639678, 0.004395710031803493, 0.013805271655958008, 0.004395710031803493, 0.12229022138802091]",-0.006773989419167594,13.742,True,True,0.03044647384773182,0.01678692231916316,0.961819799902013,0.09513350883728239,0.0792325679134053,4.539691741421791,152.41497324320468,152.2878956905224,7.168156124285345,True,null,0.012044117922409323,14.752,False,False,0.019763269536990504,0.02423519312184765,1.3885742815663522,0.08488608513959996,0.10451916274441289,5.988506903495849,148.4751766366031,148.37350190900386,6.729480084453685,True,null
